<ImportExportXml version="9.2.25052.192" SolutionPackageVersion="9.2" languagecode="1033" generatedBy="CrmLive" xmlns:xsi="http://www.w3.org/2001/XMLSchema-instance" OrganizationVersion="9.2.25052.192" OrganizationSchemaType="Standard" CRMServerServiceabilityVersion="9.2.25052.00192">
  <SolutionManifest>
    <UniqueName>BasePassBuddy</UniqueName>
    <LocalizedNames>
      <LocalizedName description="Base Pass Buddy" languagecode="1033" />
    </LocalizedNames>
    <Descriptions />
    <Version>1.0.0.16</Version>
    <Managed>0</Managed>
    <Publisher>
      <UniqueName>RDTO</UniqueName>
      <LocalizedNames>
        <LocalizedName description="RDTO" languagecode="1033" />
      </LocalizedNames>
      <Descriptions />
      <EMailAddress xsi:nil="true"></EMailAddress>
      <SupportingWebsiteUrl xsi:nil="true"></SupportingWebsiteUrl>
      <CustomizationPrefix>rdto</CustomizationPrefix>
      <CustomizationOptionValuePrefix>90893</CustomizationOptionValuePrefix>
      <Addresses />
    </Publisher>
    <RootComponents>
      <RootComponent type="1" schemaName="cr92a_activepasses" behavior="0" />
      <RootComponent type="1" schemaName="cr92a_basepassrequesthistory" behavior="0" />
      <RootComponent type="1" schemaName="cr92a_carlabelapplication" behavior="0" />
      <RootComponent type="1" schemaName="cr92a_rsnguestaccount" behavior="0" />
      <RootComponent type="1" schemaName="systemuser" behavior="0" />
      <RootComponent type="20" id="{cbae56f2-2960-ef11-bfe4-000d3ac73faf}" behavior="0" />
      <RootComponent type="29" id="{7dda7a72-5827-f011-8c4d-6045bd1f213b}" behavior="0" />
      <RootComponent type="29" id="{b0351e67-2fc4-ef11-b8e9-000d3a08d79e}" behavior="0" />
      <RootComponent type="29" id="{b1351e67-2fc4-ef11-b8e9-000d3a08d79e}" behavior="0" />
      <RootComponent type="29" id="{b2351e67-2fc4-ef11-b8e9-000d3a08d79e}" behavior="0" />
      <RootComponent type="29" id="{b3351e67-2fc4-ef11-b8e9-000d3a08d79e}" behavior="0" />
      <RootComponent type="29" id="{b58be366-2fc4-ef11-b8e9-000d3aa06caf}" behavior="0" />
      <RootComponent type="29" id="{b68be366-2fc4-ef11-b8e9-000d3aa06caf}" behavior="0" />
      <RootComponent type="29" id="{cd361e67-2fc4-ef11-b8e9-000d3a08d79e}" behavior="0" />
      <RootComponent type="300" schemaName="rdto_basepassbuddy_089e1" behavior="0" />
    </RootComponents>
    <MissingDependencies>
      <MissingDependency>
        <Required type="1" schemaName="appusersetting" displayName="Model-Driven App User Setting" solution="AppModule (9.2.2504.2504221)">
          <package appName="AppModule" version="9.2.2504.2504221">AppModuleSolutionAnchor (9.2.2504.2504221)</package>
        </Required>
        <Dependent type="1" schemaName="systemuser" displayName="User" />
      </MissingDependency>
      <MissingDependency>
        <Required type="1" schemaName="bot" displayName="Copilot" solution="PowerVirtualAgents (2025.4.3.17030892)">
          <package appName="CCI Bots" version="2025.4.3.17030892">msdynce_CustomerCareIntelligenceBots_Anchor (2025.4.3.17030892)</package>
        </Required>
        <Dependent type="1" schemaName="systemuser" displayName="User" />
      </MissingDependency>
      <MissingDependency>
        <Required type="1" schemaName="componentversion" displayName="Component Version" solution="msdyn_ComponentVersioning (9.1.0.196)">
          <package appName="Component Versioning Package" version="9.1.0.196">ComponentVersioning_Anchor (9.1.0.196)</package>
        </Required>
        <Dependent type="1" schemaName="systemuser" displayName="User" />
      </MissingDependency>
      <MissingDependency>
        <Required type="1" schemaName="sa_suggestedaction" displayName="Suggested Action" solution="msdyn_SuggestedAction (1.0.0.2)">
          <package appName="PowerAppsAppCopilotApp Package" version="1.0.0.2">msdyn_SuggestedAction (1.0.0.2)</package>
        </Required>
        <Dependent type="1" schemaName="systemuser" displayName="User" />
      </MissingDependency>
      <MissingDependency>
        <Required type="1" schemaName="usermobileofflineprofilemembership" displayName="UserMobileOfflineProfileMembership" solution="MobileOfflineMembership (1.0.0.3)">
          <package appName="MobileOfflineExtensionApp Package" version="1.0.0.0">MobileOfflineExtensionApp_Anchor (1.0.0.0)</package>
        </Required>
        <Dependent type="1" schemaName="systemuser" displayName="User" />
      </MissingDependency>
      <MissingDependency>
        <Required type="2" schemaName="azuredeletedon" displayName="Azure Deleted On" parentSchemaName="systemuser" parentDisplayName="User" solution="AuthorizationCore (1.124.0.0)">
          <package appName="Authorization Package" version="1.7.0.0">msft_PrivilegeChecker (1.7.0.0)</package>
        </Required>
        <Dependent type="26" schemaName="Users deleted in tenant but exist in the environment" displayName="Users deleted in tenant but exist in the environment" parentSchemaName="systemuser" parentDisplayName="User" id="{19487f2f-8405-4d59-8f8b-4eda98d4f302}" />
      </MissingDependency>
      <MissingDependency>
        <Required type="2" schemaName="azuredeletedon" displayName="Azure Deleted On" parentSchemaName="systemuser" parentDisplayName="User" solution="AuthorizationCore (1.124.0.0)">
          <package appName="Authorization Package" version="1.7.0.0">msft_PrivilegeChecker (1.7.0.0)</package>
        </Required>
        <Dependent type="26" schemaName="Soft deleted Users" displayName="Soft deleted Users" parentSchemaName="systemuser" parentDisplayName="User" id="{5fda842a-004b-42b4-a611-b93c2c69667e}" />
      </MissingDependency>
      <MissingDependency>
        <Required type="2" schemaName="azurestate" displayName="Azure State" parentSchemaName="systemuser" parentDisplayName="User" solution="AuthorizationCore (1.124.0.0)">
          <package appName="Authorization Package" version="1.7.0.0">msft_PrivilegeChecker (1.7.0.0)</package>
        </Required>
        <Dependent type="26" schemaName="Users deleted in tenant but exist in the environment" displayName="Users deleted in tenant but exist in the environment" parentSchemaName="systemuser" parentDisplayName="User" id="{19487f2f-8405-4d59-8f8b-4eda98d4f302}" />
      </MissingDependency>
      <MissingDependency>
        <Required type="2" schemaName="azurestate" displayName="Azure State" parentSchemaName="systemuser" parentDisplayName="User" solution="AuthorizationCore (1.124.0.0)">
          <package appName="Authorization Package" version="1.7.0.0">msft_PrivilegeChecker (1.7.0.0)</package>
        </Required>
        <Dependent type="26" schemaName="Soft deleted Users" displayName="Soft deleted Users" parentSchemaName="systemuser" parentDisplayName="User" id="{5fda842a-004b-42b4-a611-b93c2c69667e}" />
      </MissingDependency>
      <MissingDependency>
        <Required type="2" schemaName="deletedstate" displayName="Deleted State" parentSchemaName="systemuser" parentDisplayName="User" solution="AuthorizationCore (1.124.0.0)">
          <package appName="Authorization Package" version="1.7.0.0">msft_PrivilegeChecker (1.7.0.0)</package>
        </Required>
        <Dependent type="26" schemaName="Users deleted in tenant but exist in the environment" displayName="Users deleted in tenant but exist in the environment" parentSchemaName="systemuser" parentDisplayName="User" id="{19487f2f-8405-4d59-8f8b-4eda98d4f302}" />
      </MissingDependency>
      <MissingDependency>
        <Required type="2" schemaName="deletedstate" displayName="Deleted State" parentSchemaName="systemuser" parentDisplayName="User" solution="AuthorizationCore (1.124.0.0)">
          <package appName="Authorization Package" version="1.7.0.0">msft_PrivilegeChecker (1.7.0.0)</package>
        </Required>
        <Dependent type="26" schemaName="Soft deleted Users" displayName="Soft deleted Users" parentSchemaName="systemuser" parentDisplayName="User" id="{5fda842a-004b-42b4-a611-b93c2c69667e}" />
      </MissingDependency>
      <MissingDependency>
        <Required type="2" schemaName="systemmanagedusertype" displayName="System Managed User Type" parentSchemaName="systemuser" parentDisplayName="User" solution="AuthorizationCore (1.124.0.0)">
          <package appName="Authorization Package" version="1.7.0.0">msft_PrivilegeChecker (1.7.0.0)</package>
        </Required>
        <Dependent type="26" schemaName="Power Pages Users" displayName="Power Pages Users" parentSchemaName="systemuser" parentDisplayName="User" id="{1fe05f14-0074-49e3-b55d-0af1fd0a2b85}" />
      </MissingDependency>
      <MissingDependency>
        <Required type="2" schemaName="territoryid" displayName="Territory" parentSchemaName="systemuser" parentDisplayName="User" solution="msdynce_AppCommon (9.0.4.0066)">
          <package appName="msdynce_AppCommon" version="9.0.25052.10001">msdynce_AppCommonAnchor (9.0.25052.10001)</package>
        </Required>
        <Dependent type="26" schemaName="All Salespersons" displayName="All Salespersons" parentSchemaName="systemuser" parentDisplayName="User" id="{79183c45-0e58-4860-8354-bce2d7a475c9}" />
      </MissingDependency>
      <MissingDependency>
        <Required type="26" schemaName="Users deleted in tenant but exist in the environment" displayName="Users deleted in tenant but exist in the environment" parentSchemaName="systemuser" parentDisplayName="User" solution="AuthorizationCore (1.124.0.0)" id="{19487f2f-8405-4d59-8f8b-4eda98d4f302}">
          <package appName="Authorization Package" version="1.7.0.0">msft_PrivilegeChecker (1.7.0.0)</package>
        </Required>
        <Dependent type="26" schemaName="Users deleted in tenant but exist in the environment" displayName="Users deleted in tenant but exist in the environment" parentSchemaName="systemuser" parentDisplayName="User" id="{19487f2f-8405-4d59-8f8b-4eda98d4f302}" />
      </MissingDependency>
      <MissingDependency>
        <Required type="26" schemaName="Power Pages Users" displayName="Power Pages Users" parentSchemaName="systemuser" parentDisplayName="User" solution="AuthorizationCore (1.124.0.0)" id="{1fe05f14-0074-49e3-b55d-0af1fd0a2b85}">
          <package appName="Authorization Package" version="1.7.0.0">msft_PrivilegeChecker (1.7.0.0)</package>
        </Required>
        <Dependent type="26" schemaName="Power Pages Users" displayName="Power Pages Users" parentSchemaName="systemuser" parentDisplayName="User" id="{1fe05f14-0074-49e3-b55d-0af1fd0a2b85}" />
      </MissingDependency>
      <MissingDependency>
        <Required type="26" schemaName="Stub Users" displayName="Stub Users" parentSchemaName="systemuser" parentDisplayName="User" solution="AuthorizationCore (1.124.0.0)" id="{490b1410-d231-46b0-b5fa-60017b21ab14}">
          <package appName="Authorization Package" version="1.7.0.0">msft_PrivilegeChecker (1.7.0.0)</package>
        </Required>
        <Dependent type="26" schemaName="Stub Users" displayName="Stub Users" parentSchemaName="systemuser" parentDisplayName="User" id="{490b1410-d231-46b0-b5fa-60017b21ab14}" />
      </MissingDependency>
      <MissingDependency>
        <Required type="26" schemaName="Soft deleted Users" displayName="Soft deleted Users" parentSchemaName="systemuser" parentDisplayName="User" solution="AuthorizationCore (1.124.0.0)" id="{5fda842a-004b-42b4-a611-b93c2c69667e}">
          <package appName="Authorization Package" version="1.7.0.0">msft_PrivilegeChecker (1.7.0.0)</package>
        </Required>
        <Dependent type="26" schemaName="Soft deleted Users" displayName="Soft deleted Users" parentSchemaName="systemuser" parentDisplayName="User" id="{5fda842a-004b-42b4-a611-b93c2c69667e}" />
      </MissingDependency>
      <MissingDependency>
        <Required type="60" displayName="User form – Business" parentDisplayName="User" solution="msdynce_AppCommon (9.0.4.0066)" id="{c2413504-7eb2-4c59-a087-95d819866114}">
          <package appName="msdynce_AppCommon" version="9.0.25052.10001">msdynce_AppCommonAnchor (9.0.25052.10001)</package>
        </Required>
        <Dependent type="60" displayName="User form – Business" parentDisplayName="User" id="{c2413504-7eb2-4c59-a087-95d819866114}" />
      </MissingDependency>
    </MissingDependencies>
  </SolutionManifest>
</ImportExportXml>