{
  "properties": {
    "connectionReferences": {
      "shared_office365": {
        "api": {
          "name": "shared_office365"
        },
        "connection": {
          "connectionReferenceLogicalName": "rdto_sharedoffice365_3952f"
        },
        "runtimeSource": "embedded"
      },
      "shared_commondataserviceforapps": {
        "api": {
          "name": "shared_commondataserviceforapps"
        },
        "connection": {
          "connectionReferenceLogicalName": "rdto_sharedcommondataserviceforapps_aabb5"
        },
        "runtimeSource": "embedded"
      },
      "shared_office365-1": {
        "api": {
          "name": "shared_office365"
        },
        "connection": {
          "connectionReferenceLogicalName": "rdto_sharedoffice365_83b5a"
        },
        "runtimeSource": "embedded"
      }
    },
    "definition": {
      "$schema": "https://schema.management.azure.com/providers/Microsoft.Logic/schemas/2016-06-01/workflowdefinition.json#",
      "contentVersion": "1.0.0.0",
      "parameters": {
        "$authentication": {
          "defaultValue": {},
          "type": "SecureObject"
        },
        "$connections": {
          "defaultValue": {},
          "type": "Object"
        }
      },
      "triggers": {
        "When_a_new_email_arrives_(V3)": {
          "type": "OpenApiConnectionNotification",
          "inputs": {
            "parameters": {
              "from": "info@mail.form.gov.sg",
              "includeAttachments": true,
              "subjectFilter": "formsg-auto: RSN Base Pass Application",
              "folderPath": "Id::AAMkADBlOTJjOWVmLTNkYjMtNGQyZS05ZWM0LTUxYmM1ZTQ3YWI1NQAuAAAAAABpEt_gNwpmRax-t7bQHm3yAQChaSfPUw4aSr2WG0Rea7OoAAEVz7K0AAA="
            },
            "host": {
              "apiId": "/providers/Microsoft.PowerApps/apis/shared_office365",
              "operationId": "OnNewEmailV3",
              "connectionName": "shared_office365"
            }
          },
          "splitOn": "@triggerOutputs()?['body/value']",
          "metadata": {
            "operationMetadataId": "104a824c-b59d-46f4-8bf8-19597eb92083",
            "Id::AAMkADBlOTJjOWVmLTNkYjMtNGQyZS05ZWM0LTUxYmM1ZTQ3YWI1NQAuAAAAAABpEt_gNwpmRax-t7bQHm3yAQChaSfPUw4aSr2WG0Rea7OoAAEVz7K0AAA=": "FormSG Submissions"
          }
        }
      },
      "actions": {
        "Compose": {
          "type": "Compose",
          "inputs": "@replace(replace(slice(triggerOutputs()?['body/body'],indexOf(triggerOutputs()?['body/body'], '[{'), indexOf(triggerOutputs()?['body/body'], '}]')), '&quot','\"'), ';','')",
          "runAfter": {},
          "metadata": {
            "operationMetadataId": "94446ea9-23a6-4770-a12f-6217a9996f42"
          }
        },
        "Parse_JSON": {
          "type": "ParseJson",
          "inputs": {
            "content": "@outputs('Compose')",
            "schema": {
              "type": "array",
              "items": {
                "type": "object",
                "properties": {
                  "question": {
                    "type": "string"
                  },
                  "answer": {
                    "type": "string"
                  }
                },
                "required": [
                  "question",
                  "answer"
                ]
              }
            }
          },
          "runAfter": {
            "Compose": [
              "Succeeded"
            ]
          },
          "metadata": {
            "operationMetadataId": "c44cd476-28c0-4ffc-9b2f-52d3b0f948cd"
          }
        },
        "Filter_array_nric": {
          "type": "Query",
          "inputs": {
            "from": "@body('Map_Question_and_Answer')",
            "where": "@contains(string(item()?['question']),'NRIC')"
          },
          "runAfter": {
            "Map_Question_and_Answer": [
              "Succeeded"
            ]
          },
          "metadata": {
            "operationMetadataId": "a019914f-a557-4ae6-a253-5be92f384ba7"
          }
        },
        "Map_Question_and_Answer": {
          "type": "Select",
          "inputs": {
            "from": "@body('Parse_JSON')",
            "select": {
              "question": "@item()['question']",
              "answer": "@item()['answer']"
            }
          },
          "runAfter": {
            "Parse_JSON": [
              "Succeeded"
            ]
          },
          "metadata": {
            "operationMetadataId": "6cab2fe3-ac81-4439-9652-dbb6e309865b"
          }
        },
        "Select_1": {
          "type": "Select",
          "inputs": {
            "from": "@outputs('List_rows')?['body/value']",
            "select": "@item()?['cr92a_nricpassport']"
          },
          "runAfter": {
            "List_rows": [
              "Succeeded"
            ]
          },
          "metadata": {
            "operationMetadataId": "7a089a60-50d3-4bd7-8f45-d35d3d742dbc"
          }
        },
        "Apply_to_each": {
          "type": "Foreach",
          "foreach": "@body('Filter_array_nric')",
          "actions": {
            "check_NRIC_in_guest_account": {
              "type": "If",
              "expression": {
                "and": [
                  {
                    "not": {
                      "contains": [
                        "@body('Select_1')",
                        "@item()?['answer']"
                      ]
                    }
                  }
                ]
              },
              "actions": {
                "Add_a_RSN_Guest": {
                  "type": "OpenApiConnection",
                  "inputs": {
                    "parameters": {
                      "entityName": "cr92a_rsnguestaccounts",
                      "item/cr92a_nricpassport": "@item()?['answer']"
                    },
                    "host": {
                      "apiId": "/providers/Microsoft.PowerApps/apis/shared_commondataserviceforapps",
                      "operationId": "CreateRecord",
                      "connectionName": "shared_commondataserviceforapps"
                    }
                  },
                  "metadata": {
                    "operationMetadataId": "025ae8c7-d69b-43d8-adaf-37a4a2aa5612"
                  }
                }
              },
              "else": {
                "actions": {}
              },
              "metadata": {
                "operationMetadataId": "90f3308d-4b1c-4739-97e0-a773f855b367"
              }
            },
            "List_rows_RSN_Guest_Account": {
              "type": "OpenApiConnection",
              "inputs": {
                "parameters": {
                  "entityName": "cr92a_rsnguestaccounts",
                  "$filter": "cr92a_nricpassport eq '@{item()?['answer']}'"
                },
                "host": {
                  "apiId": "/providers/Microsoft.PowerApps/apis/shared_commondataserviceforapps",
                  "operationId": "ListRecords",
                  "connectionName": "shared_commondataserviceforapps"
                }
              },
              "runAfter": {
                "check_NRIC_in_guest_account": [
                  "Succeeded"
                ]
              },
              "metadata": {
                "operationMetadataId": "2355d05a-0369-4bad-a976-8dbc389a799c"
              }
            },
            "For_each_RSN_Guest": {
              "type": "Foreach",
              "foreach": "@outputs('List_rows_RSN_Guest_Account')?['body/value']",
              "actions": {
                "Apply_to_each_1": {
                  "type": "Foreach",
                  "foreach": "@body('Filter_array_name')",
                  "actions": {
                    "Update_name": {
                      "type": "OpenApiConnection",
                      "inputs": {
                        "parameters": {
                          "entityName": "cr92a_rsnguestaccounts",
                          "recordId": "@items('For_each_RSN_Guest')?['cr92a_rsnguestaccountid']",
                          "item/cr92a_name": "@items('Apply_to_each_1')?['answer']"
                        },
                        "host": {
                          "apiId": "/providers/Microsoft.PowerApps/apis/shared_commondataserviceforapps",
                          "operationId": "UpdateOnlyRecord",
                          "connectionName": "shared_commondataserviceforapps"
                        }
                      },
                      "metadata": {
                        "operationMetadataId": "be42e880-8030-4067-8aba-486fad8f50d7"
                      }
                    }
                  },
                  "runAfter": {
                    "Filter_array_name": [
                      "Succeeded"
                    ]
                  }
                },
                "Filter_array_name": {
                  "type": "Query",
                  "inputs": {
                    "from": "@body('Map_Question_and_Answer')",
                    "where": "@equals(toLower(string(item()?['question'])),'name')"
                  }
                },
                "Filter_array_nationality": {
                  "type": "Query",
                  "inputs": {
                    "from": "@body('Map_Question_and_Answer')",
                    "where": "@equals(toLower(string(item()?['question'])),'nationality')"
                  }
                },
                "Apply_to_each_2": {
                  "type": "Foreach",
                  "foreach": "@body('Filter_array_nationality')",
                  "actions": {
                    "Update_nationality": {
                      "type": "OpenApiConnection",
                      "inputs": {
                        "parameters": {
                          "entityName": "cr92a_rsnguestaccounts",
                          "recordId": "@items('For_each_RSN_Guest')?['cr92a_rsnguestaccountid']",
                          "item/cr92a_nationality": "@item()?['answer']"
                        },
                        "host": {
                          "apiId": "/providers/Microsoft.PowerApps/apis/shared_commondataserviceforapps",
                          "operationId": "UpdateOnlyRecord",
                          "connectionName": "shared_commondataserviceforapps"
                        }
                      }
                    }
                  },
                  "runAfter": {
                    "Filter_array_nationality": [
                      "Succeeded"
                    ]
                  }
                },
                "Filter_array_employer": {
                  "type": "Query",
                  "inputs": {
                    "from": "@body('Map_Question_and_Answer')",
                    "where": "@contains(toLower(string(item()?['question'])),'employer')"
                  }
                },
                "Apply_to_each_3": {
                  "type": "Foreach",
                  "foreach": "@body('Filter_array_employer')",
                  "actions": {
                    "Update_company": {
                      "type": "OpenApiConnection",
                      "inputs": {
                        "parameters": {
                          "entityName": "cr92a_rsnguestaccounts",
                          "recordId": "@items('For_each_RSN_Guest')?['cr92a_rsnguestaccountid']",
                          "item/cr92a_company": "@item()?['answer']"
                        },
                        "host": {
                          "apiId": "/providers/Microsoft.PowerApps/apis/shared_commondataserviceforapps",
                          "operationId": "UpdateOnlyRecord",
                          "connectionName": "shared_commondataserviceforapps"
                        }
                      }
                    }
                  },
                  "runAfter": {
                    "Filter_array_employer": [
                      "Succeeded"
                    ]
                  }
                },
                "Filter_array_home_address": {
                  "type": "Query",
                  "inputs": {
                    "from": "@body('Map_Question_and_Answer')",
                    "where": "@contains(toLower(string(item()?['question'])),'address')"
                  }
                },
                "Apply_to_each_4": {
                  "type": "Foreach",
                  "foreach": "@body('Filter_array_home_address')",
                  "actions": {
                    "Update_home_address": {
                      "type": "OpenApiConnection",
                      "inputs": {
                        "parameters": {
                          "entityName": "cr92a_rsnguestaccounts",
                          "recordId": "@items('For_each_RSN_Guest')?['cr92a_rsnguestaccountid']",
                          "item/cr92a_homeaddress": "@item()?['answer']"
                        },
                        "host": {
                          "apiId": "/providers/Microsoft.PowerApps/apis/shared_commondataserviceforapps",
                          "operationId": "UpdateOnlyRecord",
                          "connectionName": "shared_commondataserviceforapps"
                        }
                      }
                    }
                  },
                  "runAfter": {
                    "Filter_array_home_address": [
                      "Succeeded"
                    ]
                  }
                },
                "Filter_array_mobile_number": {
                  "type": "Query",
                  "inputs": {
                    "from": "@body('Map_Question_and_Answer')",
                    "where": "@contains(toLower(string(item()?['question'])),'mobile')"
                  }
                },
                "Apply_to_each_5": {
                  "type": "Foreach",
                  "foreach": "@body('Filter_array_mobile_number')",
                  "actions": {
                    "Update_mobile_number": {
                      "type": "OpenApiConnection",
                      "inputs": {
                        "parameters": {
                          "entityName": "cr92a_rsnguestaccounts",
                          "recordId": "@items('For_each_RSN_Guest')?['cr92a_rsnguestaccountid']",
                          "item/cr92a_mobilenumber": "@item()?['answer']"
                        },
                        "host": {
                          "apiId": "/providers/Microsoft.PowerApps/apis/shared_commondataserviceforapps",
                          "operationId": "UpdateOnlyRecord",
                          "connectionName": "shared_commondataserviceforapps"
                        }
                      }
                    }
                  },
                  "runAfter": {
                    "Filter_array_mobile_number": [
                      "Succeeded"
                    ]
                  }
                },
                "Filter_array_occupation": {
                  "type": "Query",
                  "inputs": {
                    "from": "@body('Map_Question_and_Answer')",
                    "where": "@equals(toLower(string(item()?['question'])),'occupation')"
                  }
                },
                "Apply_to_each_6": {
                  "type": "Foreach",
                  "foreach": "@body('Filter_array_occupation')",
                  "actions": {
                    "Update_position": {
                      "type": "OpenApiConnection",
                      "inputs": {
                        "parameters": {
                          "entityName": "cr92a_rsnguestaccounts",
                          "recordId": "@items('For_each_RSN_Guest')?['cr92a_rsnguestaccountid']",
                          "item/cr92a_position": "@item()?['answer']"
                        },
                        "host": {
                          "apiId": "/providers/Microsoft.PowerApps/apis/shared_commondataserviceforapps",
                          "operationId": "UpdateOnlyRecord",
                          "connectionName": "shared_commondataserviceforapps"
                        }
                      }
                    }
                  },
                  "runAfter": {
                    "Filter_array_occupation": [
                      "Succeeded"
                    ]
                  }
                },
                "Filter_array_unit_location": {
                  "type": "Query",
                  "inputs": {
                    "from": "@body('Map_Question_and_Answer')",
                    "where": "@equals(toLower(string(item()?['question'])),'unit location')"
                  }
                },
                "Apply_to_each_7": {
                  "type": "Foreach",
                  "foreach": "@body('Filter_array_unit_location')",
                  "actions": {
                    "Update_unit_location": {
                      "type": "OpenApiConnection",
                      "inputs": {
                        "parameters": {
                          "entityName": "cr92a_rsnguestaccounts",
                          "recordId": "@items('For_each_RSN_Guest')?['cr92a_rsnguestaccountid']",
                          "item/cr92a_unitlocation": "@item()?['answer']"
                        },
                        "host": {
                          "apiId": "/providers/Microsoft.PowerApps/apis/shared_commondataserviceforapps",
                          "operationId": "UpdateOnlyRecord",
                          "connectionName": "shared_commondataserviceforapps"
                        }
                      }
                    }
                  },
                  "runAfter": {
                    "Filter_array_unit_location": [
                      "Succeeded"
                    ]
                  }
                },
                "Filter_array_service_status": {
                  "type": "Query",
                  "inputs": {
                    "from": "@body('Map_Question_and_Answer')",
                    "where": "@equals(toLower(string(item()?['question'])),'service status')"
                  }
                },
                "Apply_to_each_8": {
                  "type": "Foreach",
                  "foreach": "@body('Filter_array_service_status')",
                  "actions": {
                    "Update_service_status": {
                      "type": "OpenApiConnection",
                      "inputs": {
                        "parameters": {
                          "entityName": "cr92a_rsnguestaccounts",
                          "recordId": "@items('For_each_RSN_Guest')?['cr92a_rsnguestaccountid']",
                          "item/cr92a_servicestatus": "@item()?['answer']"
                        },
                        "host": {
                          "apiId": "/providers/Microsoft.PowerApps/apis/shared_commondataserviceforapps",
                          "operationId": "UpdateOnlyRecord",
                          "connectionName": "shared_commondataserviceforapps"
                        }
                      }
                    }
                  },
                  "runAfter": {
                    "Filter_array_service_status": [
                      "Succeeded"
                    ]
                  }
                }
              },
              "runAfter": {
                "List_rows_RSN_Guest_Account": [
                  "Succeeded"
                ]
              },
              "metadata": {
                "operationMetadataId": "6dbbc73b-404e-4c99-84f3-98fd741d70a5"
              }
            },
            "For_each_RSN_Guest2": {
              "type": "Foreach",
              "foreach": "@outputs('List_rows_RSN_Guest_Account')?['body/value']",
              "actions": {
                "List_rows_Base_Pass_Application_(Create)": {
                  "type": "OpenApiConnection",
                  "inputs": {
                    "parameters": {
                      "entityName": "cr92a_basepassrequesthistories",
                      "$select": "cr92a_unitrequesting, _cr92a_namecivi_value",
                      "$filter": "_cr92a_namecivi_value eq @{item()?['cr92a_rsnguestaccountid']}"
                    },
                    "host": {
                      "apiId": "/providers/Microsoft.PowerApps/apis/shared_commondataserviceforapps",
                      "operationId": "ListRecords",
                      "connectionName": "shared_commondataserviceforapps"
                    }
                  }
                },
                "Select_Lookup_Value_of_Civi": {
                  "type": "Select",
                  "inputs": {
                    "from": "@outputs('List_rows_Base_Pass_Application_(Create)')?['body/value']",
                    "select": "@item()?['_cr92a_namecivi_value']"
                  },
                  "runAfter": {
                    "List_rows_Base_Pass_Application_(Create)": [
                      "Succeeded"
                    ]
                  }
                },
                "prevent_duplicate_application": {
                  "type": "If",
                  "expression": {
                    "and": [
                      {
                        "contains": [
                          "@body('Select_Lookup_Value_of_Civi')",
                          "@item()?['cr92a_rsnguestaccountid']"
                        ]
                      },
                      {
                        "contains": [
                          "@body('Select_Unit_Requesting')",
                          "@null"
                        ]
                      }
                    ]
                  },
                  "actions": {},
                  "else": {
                    "actions": {
                      "Add_a_new_Base_Pass_Application": {
                        "type": "OpenApiConnection",
                        "inputs": {
                          "parameters": {
                            "entityName": "cr92a_basepassrequesthistories",
                            "item/cr92a_NameCivi@odata.bind": "@item()?['@odata.id']"
                          },
                          "host": {
                            "apiId": "/providers/Microsoft.PowerApps/apis/shared_commondataserviceforapps",
                            "operationId": "CreateRecord",
                            "connectionName": "shared_commondataserviceforapps"
                          }
                        }
                      }
                    }
                  },
                  "runAfter": {
                    "Select_Unit_Requesting": [
                      "Succeeded"
                    ]
                  }
                },
                "Select_Unit_Requesting": {
                  "type": "Select",
                  "inputs": {
                    "from": "@outputs('List_rows_Base_Pass_Application_(Create)')?['body/value']",
                    "select": "@item()?['cr92a_unitrequesting']"
                  },
                  "runAfter": {
                    "Select_Lookup_Value_of_Civi": [
                      "Succeeded"
                    ]
                  }
                },
                "List_rows_Base_Pass_Application_(Update)": {
                  "type": "OpenApiConnection",
                  "inputs": {
                    "parameters": {
                      "entityName": "cr92a_basepassrequesthistories",
                      "$filter": "_cr92a_namecivi_value eq @{item()?['cr92a_rsnguestaccountid']} and cr92a_unitrequesting eq null"
                    },
                    "host": {
                      "apiId": "/providers/Microsoft.PowerApps/apis/shared_commondataserviceforapps",
                      "operationId": "ListRecords",
                      "connectionName": "shared_commondataserviceforapps"
                    }
                  },
                  "runAfter": {
                    "prevent_duplicate_application": [
                      "Succeeded"
                    ]
                  }
                },
                "For_each_BasePass": {
                  "type": "Foreach",
                  "foreach": "@outputs('List_rows_Base_Pass_Application_(Update)')?['body/value']",
                  "actions": {
                    "Filter_array_reason_for_app": {
                      "type": "Query",
                      "inputs": {
                        "from": "@body('Map_Question_and_Answer')",
                        "where": "@contains(toLower(string(item()?['question'])),'reason for application')"
                      },
                      "runAfter": {
                        "Compose_row_Base_Pass": [
                          "Succeeded"
                        ]
                      }
                    },
                    "Apply_to_each_9": {
                      "type": "Foreach",
                      "foreach": "@body('Filter_array_reason_for_app')",
                      "actions": {
                        "Update_reason_for_app": {
                          "type": "OpenApiConnection",
                          "inputs": {
                            "parameters": {
                              "entityName": "cr92a_basepassrequesthistories",
                              "recordId": "@outputs('Compose_row_Base_Pass')",
                              "item/cr92a_reasonforapplication": "@item()?['answer']"
                            },
                            "host": {
                              "apiId": "/providers/Microsoft.PowerApps/apis/shared_commondataserviceforapps",
                              "operationId": "UpdateOnlyRecord",
                              "connectionName": "shared_commondataserviceforapps"
                            }
                          }
                        }
                      },
                      "runAfter": {
                        "Filter_array_reason_for_app": [
                          "Succeeded"
                        ]
                      }
                    },
                    "Compose_row_Base_Pass": {
                      "type": "Compose",
                      "inputs": "@items('For_each_BasePass')?['cr92a_basepassrequesthistoryid']"
                    },
                    "Filter_array_base": {
                      "type": "Query",
                      "inputs": {
                        "from": "@body('Map_Question_and_Answer')",
                        "where": "@equals(toLower(string(item()?['question'])),'base')"
                      },
                      "runAfter": {
                        "Compose_row_Base_Pass": [
                          "Succeeded"
                        ]
                      }
                    },
                    "Apply_to_each_10": {
                      "type": "Foreach",
                      "foreach": "@body('Filter_array_base')",
                      "actions": {
                        "Update_base": {
                          "type": "OpenApiConnection",
                          "inputs": {
                            "parameters": {
                              "entityName": "cr92a_basepassrequesthistories",
                              "recordId": "@outputs('Compose_row_Base_Pass')",
                              "item/cr92a_base": "@item()?['answer']"
                            },
                            "host": {
                              "apiId": "/providers/Microsoft.PowerApps/apis/shared_commondataserviceforapps",
                              "operationId": "UpdateOnlyRecord",
                              "connectionName": "shared_commondataserviceforapps"
                            }
                          }
                        }
                      },
                      "runAfter": {
                        "Filter_array_base": [
                          "Succeeded"
                        ]
                      }
                    },
                    "Filter_array_zone_access": {
                      "type": "Query",
                      "inputs": {
                        "from": "@body('Map_Question_and_Answer')",
                        "where": "@contains(toLower(string(item()?['question'])),'zone access')"
                      },
                      "runAfter": {
                        "Compose_row_Base_Pass": [
                          "Succeeded"
                        ]
                      }
                    },
                    "Apply_to_each_11": {
                      "type": "Foreach",
                      "foreach": "@body('Filter_array_zone_access')",
                      "actions": {
                        "Update_zone_access": {
                          "type": "OpenApiConnection",
                          "inputs": {
                            "parameters": {
                              "entityName": "cr92a_basepassrequesthistories",
                              "recordId": "@outputs('Compose_row_Base_Pass')",
                              "item/cr92a_areasworked": "@item()?['answer']"
                            },
                            "host": {
                              "apiId": "/providers/Microsoft.PowerApps/apis/shared_commondataserviceforapps",
                              "operationId": "UpdateOnlyRecord",
                              "connectionName": "shared_commondataserviceforapps"
                            }
                          }
                        }
                      },
                      "runAfter": {
                        "Filter_array_zone_access": [
                          "Succeeded"
                        ]
                      }
                    },
                    "Filter_array_RSN_POC": {
                      "type": "Query",
                      "inputs": {
                        "from": "@body('Map_Question_and_Answer')",
                        "where": "@contains(toLower(string(item()?['question'])),'rsn poc')"
                      },
                      "runAfter": {
                        "Compose_row_Base_Pass": [
                          "Succeeded"
                        ]
                      }
                    },
                    "Apply_to_each_12": {
                      "type": "Foreach",
                      "foreach": "@body('Filter_array_RSN_POC')",
                      "actions": {
                        "List_rows_User_(RSN_POC)": {
                          "type": "OpenApiConnection",
                          "inputs": {
                            "parameters": {
                              "entityName": "systemusers",
                              "$select": "fullname, internalemailaddress, systemuserid",
                              "$filter": "internalemailaddress eq '@{item()?['answer']}'"
                            },
                            "host": {
                              "apiId": "/providers/Microsoft.PowerApps/apis/shared_commondataserviceforapps",
                              "operationId": "ListRecords",
                              "connectionName": "shared_commondataserviceforapps"
                            }
                          }
                        },
                        "For_each": {
                          "type": "Foreach",
                          "foreach": "@outputs('List_rows_User_(RSN_POC)')?['body/value']",
                          "actions": {
                            "Update_RSN_POC": {
                              "type": "OpenApiConnection",
                              "inputs": {
                                "parameters": {
                                  "entityName": "cr92a_basepassrequesthistories",
                                  "recordId": "@outputs('Compose_row_Base_Pass')",
                                  "item/cr92a_rsnpoc": "@replace(item()?['fullname'], ' .', '')"
                                },
                                "host": {
                                  "apiId": "/providers/Microsoft.PowerApps/apis/shared_commondataserviceforapps",
                                  "operationId": "UpdateOnlyRecord",
                                  "connectionName": "shared_commondataserviceforapps"
                                }
                              }
                            }
                          },
                          "runAfter": {
                            "List_rows_User_(RSN_POC)": [
                              "Succeeded"
                            ]
                          }
                        }
                      },
                      "runAfter": {
                        "Filter_array_RSN_POC": [
                          "Succeeded"
                        ]
                      }
                    },
                    "Filter_array_Base_Building_Number": {
                      "type": "Query",
                      "inputs": {
                        "from": "@body('Map_Question_and_Answer')",
                        "where": "@equals(toLower(string(item()?['question'])),'base building number')"
                      },
                      "runAfter": {
                        "Compose_row_Base_Pass": [
                          "Succeeded"
                        ]
                      }
                    },
                    "Apply_to_each_13": {
                      "type": "Foreach",
                      "foreach": "@body('Filter_array_Base_Building_Number')",
                      "actions": {
                        "Update_base_building_number": {
                          "type": "OpenApiConnection",
                          "inputs": {
                            "parameters": {
                              "entityName": "cr92a_basepassrequesthistories",
                              "recordId": "@outputs('Compose_row_Base_Pass')",
                              "item/cr92a_basebuildingnumber": "@item()?['answer']"
                            },
                            "host": {
                              "apiId": "/providers/Microsoft.PowerApps/apis/shared_commondataserviceforapps",
                              "operationId": "UpdateOnlyRecord",
                              "connectionName": "shared_commondataserviceforapps"
                            }
                          }
                        }
                      },
                      "runAfter": {
                        "Filter_array_Base_Building_Number": [
                          "Succeeded"
                        ]
                      }
                    },
                    "Filter_array_project_start": {
                      "type": "Query",
                      "inputs": {
                        "from": "@body('Map_Question_and_Answer')",
                        "where": "@equals(toLower(string(item()?['question'])),'project start date')"
                      },
                      "runAfter": {
                        "Compose_row_Base_Pass": [
                          "Succeeded"
                        ]
                      }
                    },
                    "Apply_to_each_14": {
                      "type": "Foreach",
                      "foreach": "@body('Filter_array_project_start')",
                      "actions": {
                        "Update_project_start_date": {
                          "type": "OpenApiConnection",
                          "inputs": {
                            "parameters": {
                              "entityName": "cr92a_basepassrequesthistories",
                              "recordId": "@outputs('Compose_row_Base_Pass')",
                              "item/cr92a_projectstartdate": "@item()?['answer']"
                            },
                            "host": {
                              "apiId": "/providers/Microsoft.PowerApps/apis/shared_commondataserviceforapps",
                              "operationId": "UpdateOnlyRecord",
                              "connectionName": "shared_commondataserviceforapps"
                            }
                          }
                        }
                      },
                      "runAfter": {
                        "Filter_array_project_start": [
                          "Succeeded"
                        ]
                      }
                    },
                    "Filter_array_project_end": {
                      "type": "Query",
                      "inputs": {
                        "from": "@body('Map_Question_and_Answer')",
                        "where": "@equals(toLower(string(item()?['question'])),'project end date')"
                      },
                      "runAfter": {
                        "Compose_row_Base_Pass": [
                          "Succeeded"
                        ]
                      }
                    },
                    "Apply_to_each_15": {
                      "type": "Foreach",
                      "foreach": "@body('Filter_array_project_end')",
                      "actions": {
                        "Update_project_end_date": {
                          "type": "OpenApiConnection",
                          "inputs": {
                            "parameters": {
                              "entityName": "cr92a_basepassrequesthistories",
                              "recordId": "@outputs('Compose_row_Base_Pass')",
                              "item/cr92a_projectenddate": "@item()?['answer']"
                            },
                            "host": {
                              "apiId": "/providers/Microsoft.PowerApps/apis/shared_commondataserviceforapps",
                              "operationId": "UpdateOnlyRecord",
                              "connectionName": "shared_commondataserviceforapps"
                            }
                          }
                        }
                      },
                      "runAfter": {
                        "Filter_array_project_end": [
                          "Succeeded"
                        ]
                      }
                    },
                    "Filter_array_formation": {
                      "type": "Query",
                      "inputs": {
                        "from": "@body('Map_Question_and_Answer')",
                        "where": "@contains(toLower(string(item()?['question'])),'formation')"
                      },
                      "runAfter": {
                        "Compose_row_Base_Pass": [
                          "Succeeded"
                        ]
                      }
                    },
                    "Apply_to_each_17": {
                      "type": "Foreach",
                      "foreach": "@body('Filter_array_formation')",
                      "actions": {
                        "Update_formation": {
                          "type": "OpenApiConnection",
                          "inputs": {
                            "parameters": {
                              "entityName": "cr92a_basepassrequesthistories",
                              "recordId": "@outputs('Compose_row_Base_Pass')",
                              "item/cr92a_formation": "@item()?['answer']"
                            },
                            "host": {
                              "apiId": "/providers/Microsoft.PowerApps/apis/shared_commondataserviceforapps",
                              "operationId": "UpdateOnlyRecord",
                              "connectionName": "shared_commondataserviceforapps"
                            }
                          }
                        }
                      },
                      "runAfter": {
                        "Filter_array_formation": [
                          "Succeeded"
                        ]
                      }
                    },
                    "Filter_array_expiry_date": {
                      "type": "Query",
                      "inputs": {
                        "from": "@body('Map_Question_and_Answer')",
                        "where": "@equals(toLower(string(item()?['question'])),'expiry date')"
                      },
                      "runAfter": {
                        "Compose_row_Base_Pass": [
                          "Succeeded"
                        ]
                      }
                    },
                    "Apply_to_each_18": {
                      "type": "Foreach",
                      "foreach": "@body('Filter_array_expiry_date')",
                      "actions": {
                        "Update_expiry_date": {
                          "type": "OpenApiConnection",
                          "inputs": {
                            "parameters": {
                              "entityName": "cr92a_basepassrequesthistories",
                              "recordId": "@outputs('Compose_row_Base_Pass')",
                              "item/cr92a_expirydate": "@item()?['answer']"
                            },
                            "host": {
                              "apiId": "/providers/Microsoft.PowerApps/apis/shared_commondataserviceforapps",
                              "operationId": "UpdateOnlyRecord",
                              "connectionName": "shared_commondataserviceforapps"
                            }
                          }
                        }
                      },
                      "runAfter": {
                        "Filter_array_expiry_date": [
                          "Succeeded"
                        ]
                      }
                    },
                    "Filter_array_pass_expired": {
                      "type": "Query",
                      "inputs": {
                        "from": "@body('Map_Question_and_Answer')",
                        "where": "@contains(toLower(string(item()?['question'])),'pass expired')"
                      },
                      "runAfter": {
                        "Compose_row_Base_Pass": [
                          "Succeeded"
                        ]
                      }
                    },
                    "Apply_to_each_19": {
                      "type": "Foreach",
                      "foreach": "@body('Filter_array_pass_expired')",
                      "actions": {
                        "Update_pass_expired": {
                          "type": "OpenApiConnection",
                          "inputs": {
                            "parameters": {
                              "entityName": "cr92a_basepassrequesthistories",
                              "recordId": "@outputs('Compose_row_Base_Pass')",
                              "item/cr92a_passexpired": "@item()?['answer']"
                            },
                            "host": {
                              "apiId": "/providers/Microsoft.PowerApps/apis/shared_commondataserviceforapps",
                              "operationId": "UpdateOnlyRecord",
                              "connectionName": "shared_commondataserviceforapps"
                            }
                          }
                        }
                      },
                      "runAfter": {
                        "Filter_array_pass_expired": [
                          "Succeeded"
                        ]
                      }
                    },
                    "Filter_array_reason_late": {
                      "type": "Query",
                      "inputs": {
                        "from": "@body('Map_Question_and_Answer')",
                        "where": "@contains(toLower(string(item()?['question'])),'after expiry')"
                      },
                      "runAfter": {
                        "Compose_row_Base_Pass": [
                          "Succeeded"
                        ]
                      }
                    },
                    "Apply_to_each_20": {
                      "type": "Foreach",
                      "foreach": "@body('Filter_array_reason_late')",
                      "actions": {
                        "Update_reason_late": {
                          "type": "OpenApiConnection",
                          "inputs": {
                            "parameters": {
                              "entityName": "cr92a_basepassrequesthistories",
                              "recordId": "@outputs('Compose_row_Base_Pass')",
                              "item/cr92a_remarks3": "@item()?['answer']"
                            },
                            "host": {
                              "apiId": "/providers/Microsoft.PowerApps/apis/shared_commondataserviceforapps",
                              "operationId": "UpdateOnlyRecord",
                              "connectionName": "shared_commondataserviceforapps"
                            }
                          }
                        }
                      },
                      "runAfter": {
                        "Filter_array_reason_late": [
                          "Succeeded"
                        ]
                      }
                    },
                    "Filter_array_msd_number": {
                      "type": "Query",
                      "inputs": {
                        "from": "@body('Map_Question_and_Answer')",
                        "where": "@contains(toLower(string(item()?['question'])),'msd reference number')"
                      },
                      "runAfter": {
                        "Compose_row_Base_Pass": [
                          "Succeeded"
                        ]
                      }
                    },
                    "Apply_to_each_21": {
                      "type": "Foreach",
                      "foreach": "@body('Filter_array_msd_number')",
                      "actions": {
                        "Update_msd_number": {
                          "type": "OpenApiConnection",
                          "inputs": {
                            "parameters": {
                              "entityName": "cr92a_basepassrequesthistories",
                              "recordId": "@outputs('Compose_row_Base_Pass')",
                              "item/cr92a_msdreferencenumber": "@item()?['answer']"
                            },
                            "host": {
                              "apiId": "/providers/Microsoft.PowerApps/apis/shared_commondataserviceforapps",
                              "operationId": "UpdateOnlyRecord",
                              "connectionName": "shared_commondataserviceforapps"
                            }
                          }
                        }
                      },
                      "runAfter": {
                        "Filter_array_msd_number": [
                          "Succeeded"
                        ]
                      }
                    },
                    "Filter_array_cat_status": {
                      "type": "Query",
                      "inputs": {
                        "from": "@body('Map_Question_and_Answer')",
                        "where": "@equals(toLower(string(item()?['question'])),'cat status')"
                      },
                      "runAfter": {
                        "Compose_row_Base_Pass": [
                          "Succeeded"
                        ]
                      }
                    },
                    "Apply_to_each_22": {
                      "type": "Foreach",
                      "foreach": "@body('Filter_array_cat_status')",
                      "actions": {
                        "Update_cat_status": {
                          "type": "OpenApiConnection",
                          "inputs": {
                            "parameters": {
                              "entityName": "cr92a_basepassrequesthistories",
                              "recordId": "@outputs('Compose_row_Base_Pass')",
                              "item/cr92a_catstatus": "@item()?['answer']"
                            },
                            "host": {
                              "apiId": "/providers/Microsoft.PowerApps/apis/shared_commondataserviceforapps",
                              "operationId": "UpdateOnlyRecord",
                              "connectionName": "shared_commondataserviceforapps"
                            }
                          }
                        }
                      },
                      "runAfter": {
                        "Filter_array_cat_status": [
                          "Succeeded"
                        ]
                      }
                    },
                    "Filter_array_cat_date": {
                      "type": "Query",
                      "inputs": {
                        "from": "@body('Map_Question_and_Answer')",
                        "where": "@contains(toLower(string(item()?['question'])),'date of cat')"
                      },
                      "runAfter": {
                        "Compose_row_Base_Pass": [
                          "Succeeded"
                        ]
                      }
                    },
                    "Apply_to_each_23": {
                      "type": "Foreach",
                      "foreach": "@body('Filter_array_cat_date')",
                      "actions": {
                        "Update_cat_date": {
                          "type": "OpenApiConnection",
                          "inputs": {
                            "parameters": {
                              "entityName": "cr92a_basepassrequesthistories",
                              "recordId": "@outputs('Compose_row_Base_Pass')",
                              "item/cr92a_dateofcat": "@item()?['answer']"
                            },
                            "host": {
                              "apiId": "/providers/Microsoft.PowerApps/apis/shared_commondataserviceforapps",
                              "operationId": "UpdateOnlyRecord",
                              "connectionName": "shared_commondataserviceforapps"
                            }
                          }
                        }
                      },
                      "runAfter": {
                        "Filter_array_cat_date": [
                          "Succeeded"
                        ]
                      }
                    },
                    "Filter_array_MSD_doc": {
                      "type": "Query",
                      "inputs": {
                        "from": "@body('Map_Question_and_Answer')",
                        "where": "@contains(toLower(string(item()?['question'])),'msd document')"
                      },
                      "runAfter": {
                        "Compose_row_Base_Pass": [
                          "Succeeded"
                        ]
                      }
                    },
                    "Apply_to_each_16": {
                      "type": "Foreach",
                      "foreach": "@body('Filter_array_MSD_doc')",
                      "actions": {
                        "For_each_1": {
                          "type": "Foreach",
                          "foreach": "@triggerOutputs()?['body/attachments']",
                          "actions": {
                            "Get_Attachment_(V2)": {
                              "type": "OpenApiConnection",
                              "inputs": {
                                "parameters": {
                                  "messageId": "@triggerOutputs()?['body/id']",
                                  "attachmentId": "@item()?['id']"
                                },
                                "host": {
                                  "apiId": "/providers/Microsoft.PowerApps/apis/shared_office365",
                                  "operationId": "GetAttachment_V2",
                                  "connectionName": "shared_office365-1"
                                }
                              }
                            },
                            "check_MSD_doc": {
                              "type": "If",
                              "expression": {
                                "and": [
                                  {
                                    "equals": [
                                      "@outputs('Get_Attachment_(V2)')?['body/name']",
                                      "@items('Apply_to_each_16')?['answer']"
                                    ]
                                  }
                                ]
                              },
                              "actions": {
                                "Upload_MSD_reference_doc": {
                                  "type": "OpenApiConnection",
                                  "inputs": {
                                    "parameters": {
                                      "x-ms-file-name": "@outputs('Get_Attachment_(V2)')?['body/name']",
                                      "entityName": "cr92a_basepassrequesthistories",
                                      "recordId": "@outputs('Compose_row_Base_Pass')",
                                      "fileImageFieldName": "cr92a_msdreferencedoc",
                                      "item": "@outputs('Get_Attachment_(V2)')?['body/contentBytes']"
                                    },
                                    "host": {
                                      "apiId": "/providers/Microsoft.PowerApps/apis/shared_commondataserviceforapps",
                                      "operationId": "UpdateEntityFileImageFieldContent",
                                      "connectionName": "shared_commondataserviceforapps"
                                    }
                                  }
                                }
                              },
                              "else": {
                                "actions": {}
                              },
                              "runAfter": {
                                "Get_Attachment_(V2)": [
                                  "Succeeded"
                                ]
                              }
                            }
                          }
                        }
                      },
                      "runAfter": {
                        "Filter_array_MSD_doc": [
                          "Succeeded"
                        ]
                      }
                    },
                    "Filter_array_police_report": {
                      "type": "Query",
                      "inputs": {
                        "from": "@body('Map_Question_and_Answer')",
                        "where": "@contains(toLower(string(item()?['question'])),'police report')"
                      },
                      "runAfter": {
                        "Compose_row_Base_Pass": [
                          "Succeeded"
                        ]
                      }
                    },
                    "Apply_to_each_24": {
                      "type": "Foreach",
                      "foreach": "@body('Filter_array_police_report')",
                      "actions": {
                        "For_each_2": {
                          "type": "Foreach",
                          "foreach": "@triggerOutputs()?['body/attachments']",
                          "actions": {
                            "Get_Attachment_(V2)_1": {
                              "type": "OpenApiConnection",
                              "inputs": {
                                "parameters": {
                                  "messageId": "@triggerOutputs()?['body/id']",
                                  "attachmentId": "@item()?['id']"
                                },
                                "host": {
                                  "apiId": "/providers/Microsoft.PowerApps/apis/shared_office365",
                                  "operationId": "GetAttachment_V2",
                                  "connectionName": "shared_office365-1"
                                }
                              }
                            },
                            "check_police_report": {
                              "type": "If",
                              "expression": {
                                "and": [
                                  {
                                    "equals": [
                                      "@outputs('Get_Attachment_(V2)_1')?['body/name']",
                                      "@items('Apply_to_each_24')?['answer']"
                                    ]
                                  }
                                ]
                              },
                              "actions": {
                                "Upload_police_report": {
                                  "type": "OpenApiConnection",
                                  "inputs": {
                                    "parameters": {
                                      "x-ms-file-name": "@outputs('Get_Attachment_(V2)_1')?['body/name']",
                                      "entityName": "cr92a_basepassrequesthistories",
                                      "recordId": "@outputs('Compose_row_Base_Pass')",
                                      "fileImageFieldName": "cr92a_policereport",
                                      "item": "@outputs('Get_Attachment_(V2)_1')?['body/contentBytes']"
                                    },
                                    "host": {
                                      "apiId": "/providers/Microsoft.PowerApps/apis/shared_commondataserviceforapps",
                                      "operationId": "UpdateEntityFileImageFieldContent",
                                      "connectionName": "shared_commondataserviceforapps"
                                    }
                                  }
                                }
                              },
                              "else": {
                                "actions": {}
                              },
                              "runAfter": {
                                "Get_Attachment_(V2)_1": [
                                  "Succeeded"
                                ]
                              }
                            }
                          }
                        }
                      },
                      "runAfter": {
                        "Filter_array_police_report": [
                          "Succeeded"
                        ]
                      }
                    }
                  },
                  "runAfter": {
                    "List_rows_Base_Pass_Application_(Update)": [
                      "Succeeded"
                    ]
                  }
                }
              },
              "runAfter": {
                "For_each_RSN_Guest": [
                  "Succeeded"
                ]
              }
            }
          },
          "runAfter": {
            "Select_1": [
              "Succeeded"
            ]
          },
          "metadata": {
            "operationMetadataId": "c0aa7492-62b1-44ea-8c43-bebfd4f8a298"
          }
        },
        "List_rows": {
          "type": "OpenApiConnection",
          "inputs": {
            "parameters": {
              "entityName": "cr92a_rsnguestaccounts",
              "$select": "cr92a_nricpassport"
            },
            "host": {
              "apiId": "/providers/Microsoft.PowerApps/apis/shared_commondataserviceforapps",
              "operationId": "ListRecords",
              "connectionName": "shared_commondataserviceforapps"
            }
          },
          "runAfter": {
            "Filter_array_nric": [
              "Succeeded"
            ]
          },
          "metadata": {
            "operationMetadataId": "5d1d0820-7439-4404-9617-4b34f10a78f7"
          }
        }
      },
      "outputs": {}
    },
    "templateName": null
  },
  "schemaVersion": "1.0.0.0"
}