{
  "properties": {
    "connectionReferences": {
      "shared_teams": {
        "api": {
          "name": "shared_teams"
        },
        "connection": {
          "connectionReferenceLogicalName": "rdto_sharedteams_a4225"
        },
        "runtimeSource": "embedded"
      }
    },
    "definition": {
      "$schema": "https://schema.management.azure.com/providers/Microsoft.Logic/schemas/2016-06-01/workflowdefinition.json#",
      "contentVersion": "undefined",
      "parameters": {
        "$authentication": {
          "defaultValue": {},
          "type": "SecureObject"
        },
        "$connections": {
          "defaultValue": {},
          "type": "Object"
        }
      },
      "triggers": {
        "manual": {
          "type": "Request",
          "kind": "PowerAppV2",
          "inputs": {
            "schema": {
              "type": "object",
              "properties": {
                "email": {
                  "description": "Enter an email address.",
                  "format": "email",
                  "title": "Email",
                  "type": "string",
                  "x-ms-content-hint": "EMAIL",
                  "x-ms-dynamically-added": true
                },
                "text": {
                  "description": "Please enter your input",
                  "title": "Input",
                  "type": "string",
                  "x-ms-content-hint": "TEXT",
                  "x-ms-dynamically-added": true
                },
                "text_1": {
                  "title": "Input 1",
                  "type": "string",
                  "x-ms-dynamically-added": true,
                  "description": "Please enter your input",
                  "x-ms-content-hint": "TEXT"
                }
              },
              "required": [
                "email",
                "text",
                "text_1"
              ]
            }
          },
          "metadata": {
            "operationMetadataId": "3ecacbc7-8f79-4310-a44b-bf360e538bde"
          }
        }
      },
      "actions": {
        "Endorse": {
          "type": "If",
          "expression": {
            "and": [
              {
                "equals": [
                  "@triggerBody()?['text']",
                  "ToEndorse"
                ]
              }
            ]
          },
          "actions": {
            "Create_a_chat": {
              "type": "OpenApiConnection",
              "inputs": {
                "parameters": {
                  "item/members": "@triggerBody()?['email']"
                },
                "host": {
                  "apiId": "/providers/Microsoft.PowerApps/apis/shared_teams",
                  "operationId": "CreateChat",
                  "connectionName": "shared_teams"
                }
              },
              "metadata": {
                "operationMetadataId": "97923a14-b721-4c2d-922d-ae7ae3c8c6a6"
              }
            },
            "Post_message_in_a_chat_or_channel": {
              "type": "OpenApiConnection",
              "inputs": {
                "parameters": {
                  "poster": "User",
                  "location": "Group chat",
                  "body/recipient": "@outputs('Create_a_chat')?['body/id']",
                  "body/messageBody": "<p class=\"editor-paragraph\">Hi! There are base pass applications for you to endorse! Please open the Base Pass Application App <a href=\"https://teams.microsoft.com/l/entity/a6b63365-31a4-4f43-92ec-710b71557af9/_djb2_msteams_prefix_3235186279?context=%7B%22channelId%22%3A%2219%3Ab6cbc821c91a4f8b9f5529b2edab258b%40thread.tacv2%22%7D&amp;tenantId=17558ced-9068-439c-bdf1-fe9f9e07f45e\" class=\"editor-link\">here</a>!</p>"
                },
                "host": {
                  "apiId": "/providers/Microsoft.PowerApps/apis/shared_teams",
                  "operationId": "PostMessageToConversation",
                  "connectionName": "shared_teams"
                }
              },
              "runAfter": {
                "Create_a_chat": [
                  "Succeeded"
                ]
              },
              "metadata": {
                "operationMetadataId": "a5de1be5-7e4e-40e1-9d82-66095c49eb9f"
              }
            }
          },
          "else": {
            "actions": {}
          },
          "runAfter": {},
          "metadata": {
            "operationMetadataId": "3863af6d-8586-4aa2-a0ea-68c0a124a4b3"
          }
        },
        "Approve": {
          "type": "If",
          "expression": {
            "and": [
              {
                "equals": [
                  "@triggerBody()?['text']",
                  "ToApprove"
                ]
              }
            ]
          },
          "actions": {
            "Create_a_chat_1": {
              "type": "OpenApiConnection",
              "inputs": {
                "parameters": {
                  "item/members": "@triggerBody()?['email']"
                },
                "host": {
                  "apiId": "/providers/Microsoft.PowerApps/apis/shared_teams",
                  "operationId": "CreateChat",
                  "connectionName": "shared_teams"
                }
              },
              "metadata": {
                "operationMetadataId": "215ff373-8dc3-43c9-a38d-a59c531616b6"
              }
            },
            "Post_message_in_a_chat_or_channel_1": {
              "type": "OpenApiConnection",
              "inputs": {
                "parameters": {
                  "poster": "User",
                  "location": "Group chat",
                  "body/recipient": "@outputs('Create_a_chat_1')?['body/id']",
                  "body/messageBody": "<p class=\"editor-paragraph\">Hi! There are base pass applications for you to Approve! Please open the Base Pass Application App <a href=\"https://teams.microsoft.com/l/entity/a6b63365-31a4-4f43-92ec-710b71557af9/_djb2_msteams_prefix_3235186279?context=%7B%22channelId%22%3A%2219%3Ab6cbc821c91a4f8b9f5529b2edab258b%40thread.tacv2%22%7D&amp;tenantId=17558ced-9068-439c-bdf1-fe9f9e07f45e\" class=\"editor-link\">here</a>!</p>"
                },
                "host": {
                  "apiId": "/providers/Microsoft.PowerApps/apis/shared_teams",
                  "operationId": "PostMessageToConversation",
                  "connectionName": "shared_teams"
                }
              },
              "runAfter": {
                "Create_a_chat_1": [
                  "Succeeded"
                ]
              },
              "metadata": {
                "operationMetadataId": "fb8748d8-2539-4e03-95df-3f1f86f52147"
              }
            }
          },
          "else": {
            "actions": {}
          },
          "runAfter": {},
          "metadata": {
            "operationMetadataId": "822b01b6-1944-4cb2-8bf8-f8db969efff7"
          }
        },
        "NSB_Approve_Notif": {
          "type": "If",
          "expression": {
            "and": [
              {
                "equals": [
                  "@triggerBody()?['text']",
                  "NSBApprove"
                ]
              }
            ]
          },
          "actions": {
            "Create_a_chat_1-copy": {
              "type": "OpenApiConnection",
              "inputs": {
                "parameters": {
                  "item/members": "@triggerBody()?['email']"
                },
                "host": {
                  "apiId": "/providers/Microsoft.PowerApps/apis/shared_teams",
                  "operationId": "CreateChat",
                  "connectionName": "shared_teams"
                }
              },
              "metadata": {
                "operationMetadataId": "16919e10-ba81-4ce9-b5f0-a8775206c777"
              }
            },
            "Post_message_in_a_chat_or_channel_2": {
              "type": "OpenApiConnection",
              "inputs": {
                "parameters": {
                  "poster": "User",
                  "location": "Group chat",
                  "body/recipient": "@outputs('Create_a_chat_1-copy')?['body/id']",
                  "body/messageBody": "<p class=\"editor-paragraph\">@{triggerBody()['text_1']}'s pass has been approved by NSB! Do inform them to book an appointment to collect their pass via <a href=\"https://cal.gov.sg/s0lakamwovk97u7v0oxvoon4\" class=\"editor-link\">this link</a>!</p>"
                },
                "host": {
                  "apiId": "/providers/Microsoft.PowerApps/apis/shared_teams",
                  "operationId": "PostMessageToConversation",
                  "connectionName": "shared_teams"
                }
              },
              "runAfter": {
                "Create_a_chat_1-copy": [
                  "Succeeded"
                ]
              },
              "metadata": {
                "operationMetadataId": "0df27926-116a-4b05-8f18-500db188cf76"
              }
            }
          },
          "else": {
            "actions": {}
          },
          "runAfter": {},
          "metadata": {
            "operationMetadataId": "a0ce92ed-9bef-4ddc-ba1b-13c12845fd74"
          }
        },
        "RSN_Approved": {
          "type": "If",
          "expression": {
            "and": [
              {
                "equals": [
                  "@triggerBody()?['text']",
                  "RSNApproved"
                ]
              }
            ]
          },
          "actions": {
            "Create_a_chat_2": {
              "type": "OpenApiConnection",
              "inputs": {
                "parameters": {
                  "item/members": "@triggerBody()?['email']"
                },
                "host": {
                  "apiId": "/providers/Microsoft.PowerApps/apis/shared_teams",
                  "operationId": "CreateChat",
                  "connectionName": "shared_teams"
                }
              },
              "metadata": {
                "operationMetadataId": "a4af1822-2048-47fb-918d-64fb8f3ed666"
              }
            },
            "Post_message_in_a_chat_or_channel_3": {
              "type": "OpenApiConnection",
              "inputs": {
                "parameters": {
                  "poster": "User",
                  "location": "Group chat",
                  "body/recipient": "@outputs('Create_a_chat_2')?['body/id']",
                  "body/messageBody": "<p class=\"editor-paragraph\">Your USO has approved your application! Do remember to book an appointment to collect your pass via <a href=\"https://cal.gov.sg/s0lakamwovk97u7v0oxvoon4\" class=\"editor-link\">this link</a>!</p>"
                },
                "host": {
                  "apiId": "/providers/Microsoft.PowerApps/apis/shared_teams",
                  "operationId": "PostMessageToConversation",
                  "connectionName": "shared_teams"
                }
              },
              "runAfter": {
                "Create_a_chat_2": [
                  "Succeeded"
                ]
              },
              "metadata": {
                "operationMetadataId": "2a0ecd27-89fd-4113-9658-275e3b40a14f"
              }
            }
          },
          "else": {
            "actions": {}
          },
          "runAfter": {},
          "metadata": {
            "operationMetadataId": "eb9e8305-5388-4a81-94d3-8a7b7ef8370e"
          }
        },
        "Car_Label_approved": {
          "type": "If",
          "expression": {
            "and": [
              {
                "equals": [
                  "@triggerBody()?['text']",
                  "carLabelApproved"
                ]
              }
            ]
          },
          "actions": {
            "Create_a_chat_3": {
              "type": "OpenApiConnection",
              "inputs": {
                "parameters": {
                  "item/members": "@triggerBody()?['email']"
                },
                "host": {
                  "apiId": "/providers/Microsoft.PowerApps/apis/shared_teams",
                  "operationId": "CreateChat",
                  "connectionName": "shared_teams"
                }
              }
            },
            "Post_message_in_a_chat_or_channel_4": {
              "type": "OpenApiConnection",
              "inputs": {
                "parameters": {
                  "poster": "User",
                  "location": "Group chat",
                  "body/recipient": "@outputs('Create_a_chat_3')?['body/id']",
                  "body/messageBody": "<p class=\"editor-paragraph\">@{triggerBody()?['text_1']}'s car label has been approved by your USO! Do inform them to book an appointment to collect their pass via <a href=\"https://cal.gov.sg/s0lakamwovk97u7v0oxvoon4\" class=\"editor-link\">this link</a>!</p>"
                },
                "host": {
                  "apiId": "/providers/Microsoft.PowerApps/apis/shared_teams",
                  "operationId": "PostMessageToConversation",
                  "connectionName": "shared_teams"
                }
              },
              "runAfter": {
                "Create_a_chat_3": [
                  "SUCCEEDED"
                ]
              }
            }
          },
          "else": {
            "actions": {}
          },
          "runAfter": {}
        }
      }
    },
    "templateName": null
  },
  "schemaVersion": "1.0.0.0"
}