{
  "properties": {
    "connectionReferences": {
      "shared_office365": {
        "api": {
          "name": "shared_office365"
        },
        "connection": {
          "connectionReferenceLogicalName": "rdto_sharedoffice365_83b5a"
        },
        "runtimeSource": "embedded"
      },
      "shared_commondataserviceforapps": {
        "api": {
          "name": "shared_commondataserviceforapps"
        },
        "connection": {
          "connectionReferenceLogicalName": "rdto_sharedcommondataserviceforapps_aabb5"
        },
        "runtimeSource": "embedded"
      }
    },
    "definition": {
      "$schema": "https://schema.management.azure.com/providers/Microsoft.Logic/schemas/2016-06-01/workflowdefinition.json#",
      "contentVersion": "1.0.0.0",
      "parameters": {
        "$authentication": {
          "defaultValue": {},
          "type": "SecureObject"
        },
        "$connections": {
          "defaultValue": {},
          "type": "Object"
        }
      },
      "triggers": {
        "When_a_new_email_arrives_(V3)": {
          "type": "OpenApiConnectionNotification",
          "inputs": {
            "parameters": {
              "from": "info@mail.form.gov.sg",
              "includeAttachments": true,
              "subjectFilter": "formsg-auto: RSN Military Base Pass Application",
              "folderPath": "Id::AAMkADBlOTJjOWVmLTNkYjMtNGQyZS05ZWM0LTUxYmM1ZTQ3YWI1NQAuAAAAAABpEt_gNwpmRax-t7bQHm3yAQChaSfPUw4aSr2WG0Rea7OoAAEVz7K0AAA="
            },
            "host": {
              "apiId": "/providers/Microsoft.PowerApps/apis/shared_office365",
              "operationId": "OnNewEmailV3",
              "connectionName": "shared_office365"
            }
          },
          "splitOn": "@triggerOutputs()?['body/value']",
          "metadata": {
            "Id::AAMkADBlOTJjOWVmLTNkYjMtNGQyZS05ZWM0LTUxYmM1ZTQ3YWI1NQAuAAAAAABpEt_gNwpmRax-t7bQHm3yAQChaSfPUw4aSr2WG0Rea7OoAAEVz7K0AAA=": "FormSG Submissions"
          }
        }
      },
      "actions": {
        "Compose": {
          "type": "Compose",
          "inputs": "@replace(replace(slice(triggerOutputs()?['body/body'],indexOf(triggerOutputs()?['body/body'], '[{'), indexOf(triggerOutputs()?['body/body'], '}]')), '&quot','\"'), ';','')",
          "runAfter": {}
        },
        "Parse_JSON": {
          "type": "ParseJson",
          "inputs": {
            "content": "@outputs('Compose')",
            "schema": {
              "type": "array",
              "items": {
                "type": "object",
                "properties": {
                  "question": {
                    "type": "string"
                  },
                  "answer": {
                    "type": "string"
                  }
                },
                "required": [
                  "question",
                  "answer"
                ]
              }
            }
          },
          "runAfter": {
            "Compose": [
              "Succeeded"
            ]
          }
        },
        "map_question_and_answer": {
          "type": "Select",
          "inputs": {
            "from": "@body('Parse_JSON')",
            "select": {
              "question": "@item()['question']",
              "answer": "@item()['answer']"
            }
          },
          "runAfter": {
            "Parse_JSON": [
              "Succeeded"
            ]
          }
        },
        "Filter_array_Dmail": {
          "type": "Query",
          "inputs": {
            "from": "@body('map_question_and_answer')",
            "where": "@equals(toLower(string(item()?['question'])),'defence mail')"
          },
          "runAfter": {
            "map_question_and_answer": [
              "Succeeded"
            ]
          }
        },
        "Apply_to_each": {
          "type": "Foreach",
          "foreach": "@body('Filter_array_Dmail')",
          "actions": {
            "List_rows_User": {
              "type": "OpenApiConnection",
              "inputs": {
                "parameters": {
                  "entityName": "systemusers",
                  "$filter": "contains(internalemailaddress, '@{item()?['answer']}')"
                },
                "host": {
                  "apiId": "/providers/Microsoft.PowerApps/apis/shared_commondataserviceforapps",
                  "operationId": "ListRecords",
                  "connectionName": "shared_commondataserviceforapps"
                }
              }
            },
            "For_each_user": {
              "type": "Foreach",
              "foreach": "@outputs('List_rows_User')?['body/value']",
              "actions": {
                "Compose_User_ID": {
                  "type": "Compose",
                  "inputs": "@item()?['systemuserid']"
                },
                "Filter_array_Nationality": {
                  "type": "Query",
                  "inputs": {
                    "from": "@body('map_question_and_answer')",
                    "where": "@equals(toLower(string(item()?['question'])),'nationality')"
                  },
                  "runAfter": {
                    "Compose_User_ID": [
                      "Succeeded"
                    ]
                  }
                },
                "Filter_array_NRIC": {
                  "type": "Query",
                  "inputs": {
                    "from": "@body('map_question_and_answer')",
                    "where": "@contains(toLower(string(item()?['question'])),'nric')"
                  },
                  "runAfter": {
                    "Compose_User_ID": [
                      "Succeeded"
                    ]
                  }
                },
                "Apply_to_each_1": {
                  "type": "Foreach",
                  "foreach": "@body('Filter_array_Nationality')",
                  "actions": {
                    "Update_nationality": {
                      "type": "OpenApiConnection",
                      "inputs": {
                        "parameters": {
                          "entityName": "systemusers",
                          "recordId": "@outputs('Compose_User_ID')",
                          "item/cr92a_nationality": "@item()?['answer']"
                        },
                        "host": {
                          "apiId": "/providers/Microsoft.PowerApps/apis/shared_commondataserviceforapps",
                          "operationId": "UpdateOnlyRecord",
                          "connectionName": "shared_commondataserviceforapps"
                        }
                      }
                    }
                  },
                  "runAfter": {
                    "Filter_array_Nationality": [
                      "Succeeded"
                    ]
                  }
                },
                "Apply_to_each_2": {
                  "type": "Foreach",
                  "foreach": "@body('Filter_array_NRIC')",
                  "actions": {
                    "Update_NRIC": {
                      "type": "OpenApiConnection",
                      "inputs": {
                        "parameters": {
                          "entityName": "systemusers",
                          "recordId": "@outputs('Compose_User_ID')",
                          "item/cr92a_nric": "@item()?['answer']"
                        },
                        "host": {
                          "apiId": "/providers/Microsoft.PowerApps/apis/shared_commondataserviceforapps",
                          "operationId": "UpdateOnlyRecord",
                          "connectionName": "shared_commondataserviceforapps"
                        }
                      }
                    }
                  },
                  "runAfter": {
                    "Filter_array_NRIC": [
                      "Succeeded"
                    ]
                  }
                },
                "Filter_array_mobile": {
                  "type": "Query",
                  "inputs": {
                    "from": "@body('map_question_and_answer')",
                    "where": "@contains(toLower(string(item()?['question'])),'mobile')"
                  },
                  "runAfter": {
                    "Compose_User_ID": [
                      "Succeeded"
                    ]
                  }
                },
                "Apply_to_each_3": {
                  "type": "Foreach",
                  "foreach": "@body('Filter_array_mobile')",
                  "actions": {
                    "Update_mobile": {
                      "type": "OpenApiConnection",
                      "inputs": {
                        "parameters": {
                          "entityName": "systemusers",
                          "recordId": "@outputs('Compose_User_ID')",
                          "item/address1_telephone1": "@item()?['answer']"
                        },
                        "host": {
                          "apiId": "/providers/Microsoft.PowerApps/apis/shared_commondataserviceforapps",
                          "operationId": "UpdateOnlyRecord",
                          "connectionName": "shared_commondataserviceforapps"
                        }
                      }
                    }
                  },
                  "runAfter": {
                    "Filter_array_mobile": [
                      "Succeeded"
                    ]
                  }
                },
                "Filter_array_service_status": {
                  "type": "Query",
                  "inputs": {
                    "from": "@body('map_question_and_answer')",
                    "where": "@equals(toLower(string(item()?['question'])),'service status')"
                  },
                  "runAfter": {
                    "Compose_User_ID": [
                      "Succeeded"
                    ]
                  }
                },
                "Apply_to_each_4": {
                  "type": "Foreach",
                  "foreach": "@body('Filter_array_service_status')",
                  "actions": {
                    "Update_service_status": {
                      "type": "OpenApiConnection",
                      "inputs": {
                        "parameters": {
                          "entityName": "systemusers",
                          "recordId": "@outputs('Compose_User_ID')",
                          "item/cr92a_servicestatus": "@item()?['answer']"
                        },
                        "host": {
                          "apiId": "/providers/Microsoft.PowerApps/apis/shared_commondataserviceforapps",
                          "operationId": "UpdateOnlyRecord",
                          "connectionName": "shared_commondataserviceforapps"
                        }
                      }
                    }
                  },
                  "runAfter": {
                    "Filter_array_service_status": [
                      "Succeeded"
                    ]
                  }
                },
                "Filter_array_rank": {
                  "type": "Query",
                  "inputs": {
                    "from": "@body('map_question_and_answer')",
                    "where": "@equals(toLower(string(item()?['question'])),'rank')"
                  },
                  "runAfter": {
                    "Compose_User_ID": [
                      "Succeeded"
                    ]
                  }
                },
                "Apply_to_each_5": {
                  "type": "Foreach",
                  "foreach": "@body('Filter_array_rank')",
                  "actions": {
                    "Update_rank": {
                      "type": "OpenApiConnection",
                      "inputs": {
                        "parameters": {
                          "entityName": "systemusers",
                          "recordId": "@outputs('Compose_User_ID')",
                          "item/cr92a_rank": "@item()?['answer']"
                        },
                        "host": {
                          "apiId": "/providers/Microsoft.PowerApps/apis/shared_commondataserviceforapps",
                          "operationId": "UpdateOnlyRecord",
                          "connectionName": "shared_commondataserviceforapps"
                        }
                      }
                    }
                  },
                  "runAfter": {
                    "Filter_array_rank": [
                      "Succeeded"
                    ]
                  }
                },
                "Filter_array_unit_location": {
                  "type": "Query",
                  "inputs": {
                    "from": "@body('map_question_and_answer')",
                    "where": "@equals(toLower(string(item()?['question'])),'unit location')"
                  },
                  "runAfter": {
                    "Compose_User_ID": [
                      "Succeeded"
                    ]
                  }
                },
                "Apply_to_each_6": {
                  "type": "Foreach",
                  "foreach": "@body('Filter_array_unit_location')",
                  "actions": {
                    "Update_unit_location": {
                      "type": "OpenApiConnection",
                      "inputs": {
                        "parameters": {
                          "entityName": "systemusers",
                          "recordId": "@outputs('Compose_User_ID')",
                          "item/cr92a_unitlocation": "@item()?['answer']"
                        },
                        "host": {
                          "apiId": "/providers/Microsoft.PowerApps/apis/shared_commondataserviceforapps",
                          "operationId": "UpdateOnlyRecord",
                          "connectionName": "shared_commondataserviceforapps"
                        }
                      }
                    }
                  },
                  "runAfter": {
                    "Filter_array_unit_location": [
                      "Succeeded"
                    ]
                  }
                },
                "Filter_array_unit": {
                  "type": "Query",
                  "inputs": {
                    "from": "@body('map_question_and_answer')",
                    "where": "@equals(toLower(string(item()?['question'])),'unit')"
                  },
                  "runAfter": {
                    "Compose_User_ID": [
                      "Succeeded"
                    ]
                  }
                },
                "Apply_to_each_7": {
                  "type": "Foreach",
                  "foreach": "@body('Filter_array_unit')",
                  "actions": {
                    "Update_unit": {
                      "type": "OpenApiConnection",
                      "inputs": {
                        "parameters": {
                          "entityName": "systemusers",
                          "recordId": "@outputs('Compose_User_ID')",
                          "item/cr92a_unitbranchship": "@item()?['answer']"
                        },
                        "host": {
                          "apiId": "/providers/Microsoft.PowerApps/apis/shared_commondataserviceforapps",
                          "operationId": "UpdateOnlyRecord",
                          "connectionName": "shared_commondataserviceforapps"
                        }
                      }
                    }
                  },
                  "runAfter": {
                    "Filter_array_unit": [
                      "Succeeded"
                    ]
                  }
                },
                "Filter_array_appointment": {
                  "type": "Query",
                  "inputs": {
                    "from": "@body('map_question_and_answer')",
                    "where": "@equals(toLower(string(item()?['question'])),'appointment')"
                  },
                  "runAfter": {
                    "Compose_User_ID": [
                      "Succeeded"
                    ]
                  }
                },
                "Apply_to_each_8": {
                  "type": "Foreach",
                  "foreach": "@body('Filter_array_appointment')",
                  "actions": {
                    "Update_appointment": {
                      "type": "OpenApiConnection",
                      "inputs": {
                        "parameters": {
                          "entityName": "systemusers",
                          "recordId": "@outputs('Compose_User_ID')",
                          "item/cr92a_appointment": "@item()?['answer']"
                        },
                        "host": {
                          "apiId": "/providers/Microsoft.PowerApps/apis/shared_commondataserviceforapps",
                          "operationId": "UpdateOnlyRecord",
                          "connectionName": "shared_commondataserviceforapps"
                        }
                      }
                    }
                  },
                  "runAfter": {
                    "Filter_array_appointment": [
                      "Succeeded"
                    ]
                  }
                },
                "Filter_array_ORD_Date": {
                  "type": "Query",
                  "inputs": {
                    "from": "@body('map_question_and_answer')",
                    "where": "@equals(toLower(string(item()?['question'])),'ord date')"
                  },
                  "runAfter": {
                    "Compose_User_ID": [
                      "Succeeded"
                    ]
                  }
                },
                "Apply_to_each_20": {
                  "type": "Foreach",
                  "foreach": "@body('Filter_array_ORD_Date')",
                  "actions": {
                    "Update_ORD_date": {
                      "type": "OpenApiConnection",
                      "inputs": {
                        "parameters": {
                          "entityName": "systemusers",
                          "recordId": "@outputs('Compose_User_ID')",
                          "item/cr92a_orddate": "@item()?['answer']"
                        },
                        "host": {
                          "apiId": "/providers/Microsoft.PowerApps/apis/shared_commondataserviceforapps",
                          "operationId": "UpdateOnlyRecord",
                          "connectionName": "shared_commondataserviceforapps"
                        }
                      }
                    }
                  },
                  "runAfter": {
                    "Filter_array_ORD_Date": [
                      "Succeeded"
                    ]
                  }
                }
              },
              "runAfter": {
                "List_rows_User": [
                  "Succeeded"
                ]
              }
            },
            "Apply_to_each_user_2": {
              "type": "Foreach",
              "foreach": "@outputs('List_rows_User')?['body/value']",
              "actions": {
                "List_rows_base_pass_application_(create)": {
                  "type": "OpenApiConnection",
                  "inputs": {
                    "parameters": {
                      "entityName": "cr92a_basepassrequesthistories",
                      "$select": "_cr92a_test_value, cr92a_approved",
                      "$filter": "_cr92a_test_value eq @{item()?['systemuserid']}"
                    },
                    "host": {
                      "apiId": "/providers/Microsoft.PowerApps/apis/shared_commondataserviceforapps",
                      "operationId": "ListRecords",
                      "connectionName": "shared_commondataserviceforapps"
                    }
                  }
                },
                "Select_lookup_value_of_rsn": {
                  "type": "Select",
                  "inputs": {
                    "from": "@outputs('List_rows_base_pass_application_(create)')?['body/value']",
                    "select": "@item()?['_cr92a_test_value']"
                  },
                  "runAfter": {
                    "List_rows_base_pass_application_(create)": [
                      "Succeeded"
                    ]
                  }
                },
                "Select_Approved": {
                  "type": "Select",
                  "inputs": {
                    "from": "@outputs('List_rows_base_pass_application_(create)')?['body/value']",
                    "select": "@item()?['cr92a_approved']"
                  },
                  "runAfter": {
                    "Select_lookup_value_of_rsn": [
                      "Succeeded"
                    ]
                  }
                },
                "Prevent_duplicate_application": {
                  "type": "If",
                  "expression": {
                    "and": [
                      {
                        "contains": [
                          "@body('Select_lookup_value_of_rsn')",
                          "@item()?['systemuserid']"
                        ]
                      },
                      {
                        "contains": [
                          "@body('Select_Approved')",
                          "@null"
                        ]
                      }
                    ]
                  },
                  "actions": {},
                  "else": {
                    "actions": {
                      "Add_a_new_base_pass_application": {
                        "type": "OpenApiConnection",
                        "inputs": {
                          "parameters": {
                            "entityName": "cr92a_basepassrequesthistories",
                            "item/cr92a_test@odata.bind": "@item()?['@odata.id']"
                          },
                          "host": {
                            "apiId": "/providers/Microsoft.PowerApps/apis/shared_commondataserviceforapps",
                            "operationId": "CreateRecord",
                            "connectionName": "shared_commondataserviceforapps"
                          }
                        }
                      }
                    }
                  },
                  "runAfter": {
                    "Select_Approved": [
                      "Succeeded"
                    ]
                  }
                },
                "List_rows_base_pass_application_(update)": {
                  "type": "OpenApiConnection",
                  "inputs": {
                    "parameters": {
                      "entityName": "cr92a_basepassrequesthistories",
                      "$filter": "_cr92a_test_value eq @{item()?['systemuserid']} and cr92a_approved eq null"
                    },
                    "host": {
                      "apiId": "/providers/Microsoft.PowerApps/apis/shared_commondataserviceforapps",
                      "operationId": "ListRecords",
                      "connectionName": "shared_commondataserviceforapps"
                    }
                  },
                  "runAfter": {
                    "Prevent_duplicate_application": [
                      "Succeeded"
                    ]
                  }
                },
                "For_each_base_pass_application": {
                  "type": "Foreach",
                  "foreach": "@outputs('List_rows_base_pass_application_(update)')?['body/value']",
                  "actions": {
                    "Compose_base_pass": {
                      "type": "Compose",
                      "inputs": "@item()?['cr92a_basepassrequesthistoryid']"
                    },
                    "Filter_array_formation": {
                      "type": "Query",
                      "inputs": {
                        "from": "@body('map_question_and_answer')",
                        "where": "@equals(toLower(string(item()?['question'])),'formation')"
                      },
                      "runAfter": {
                        "Compose_base_pass": [
                          "Succeeded"
                        ]
                      }
                    },
                    "Filter_array_unit2": {
                      "type": "Query",
                      "inputs": {
                        "from": "@body('map_question_and_answer')",
                        "where": "@equals(toLower(string(item()?['question'])),'unit')"
                      },
                      "runAfter": {
                        "Compose_base_pass": [
                          "Succeeded"
                        ]
                      }
                    },
                    "Filter_array_reason_for_app": {
                      "type": "Query",
                      "inputs": {
                        "from": "@body('map_question_and_answer')",
                        "where": "@equals(toLower(string(item()?['question'])),'reason for application')"
                      },
                      "runAfter": {
                        "Compose_base_pass": [
                          "Succeeded"
                        ]
                      }
                    },
                    "Apply_to_each_9": {
                      "type": "Foreach",
                      "foreach": "@body('Filter_array_formation')",
                      "actions": {
                        "Update_formation": {
                          "type": "OpenApiConnection",
                          "inputs": {
                            "parameters": {
                              "entityName": "cr92a_basepassrequesthistories",
                              "recordId": "@outputs('Compose_base_pass')",
                              "item/cr92a_formation": "@item()?['answer']"
                            },
                            "host": {
                              "apiId": "/providers/Microsoft.PowerApps/apis/shared_commondataserviceforapps",
                              "operationId": "UpdateOnlyRecord",
                              "connectionName": "shared_commondataserviceforapps"
                            }
                          }
                        }
                      },
                      "runAfter": {
                        "Filter_array_formation": [
                          "Succeeded"
                        ]
                      }
                    },
                    "Apply_to_each_10": {
                      "type": "Foreach",
                      "foreach": "@body('Filter_array_unit2')",
                      "actions": {
                        "Update_unit_requesting": {
                          "type": "OpenApiConnection",
                          "inputs": {
                            "parameters": {
                              "entityName": "cr92a_basepassrequesthistories",
                              "recordId": "@outputs('Compose_base_pass')",
                              "item/cr92a_unitrequesting": "@item()?['answer']"
                            },
                            "host": {
                              "apiId": "/providers/Microsoft.PowerApps/apis/shared_commondataserviceforapps",
                              "operationId": "UpdateOnlyRecord",
                              "connectionName": "shared_commondataserviceforapps"
                            }
                          }
                        }
                      },
                      "runAfter": {
                        "Filter_array_unit2": [
                          "Succeeded"
                        ]
                      }
                    },
                    "Apply_to_each_11": {
                      "type": "Foreach",
                      "foreach": "@body('Filter_array_reason_for_app')",
                      "actions": {
                        "Update_reason_for_app": {
                          "type": "OpenApiConnection",
                          "inputs": {
                            "parameters": {
                              "entityName": "cr92a_basepassrequesthistories",
                              "recordId": "@outputs('Compose_base_pass')",
                              "item/cr92a_reasonforapplication": "@item()?['answer']"
                            },
                            "host": {
                              "apiId": "/providers/Microsoft.PowerApps/apis/shared_commondataserviceforapps",
                              "operationId": "UpdateOnlyRecord",
                              "connectionName": "shared_commondataserviceforapps"
                            }
                          }
                        }
                      },
                      "runAfter": {
                        "Filter_array_reason_for_app": [
                          "Succeeded"
                        ]
                      }
                    },
                    "Filter_array_pass_expired": {
                      "type": "Query",
                      "inputs": {
                        "from": "@body('map_question_and_answer')",
                        "where": "@contains(toLower(string(item()?['question'])),'pass expired')"
                      },
                      "runAfter": {
                        "Compose_base_pass": [
                          "Succeeded"
                        ]
                      }
                    },
                    "Apply_to_each_12": {
                      "type": "Foreach",
                      "foreach": "@body('Filter_array_pass_expired')",
                      "actions": {
                        "Update_pass_expired": {
                          "type": "OpenApiConnection",
                          "inputs": {
                            "parameters": {
                              "entityName": "cr92a_basepassrequesthistories",
                              "recordId": "@outputs('Compose_base_pass')",
                              "item/cr92a_passexpired": "@item()?['answer']"
                            },
                            "host": {
                              "apiId": "/providers/Microsoft.PowerApps/apis/shared_commondataserviceforapps",
                              "operationId": "UpdateOnlyRecord",
                              "connectionName": "shared_commondataserviceforapps"
                            }
                          }
                        }
                      },
                      "runAfter": {
                        "Filter_array_pass_expired": [
                          "Succeeded"
                        ]
                      }
                    },
                    "Filter_array_expiry_date": {
                      "type": "Query",
                      "inputs": {
                        "from": "@body('map_question_and_answer')",
                        "where": "@equals(toLower(string(item()?['question'])),'expiry date')"
                      },
                      "runAfter": {
                        "Compose_base_pass": [
                          "Succeeded"
                        ]
                      }
                    },
                    "Apply_to_each_13": {
                      "type": "Foreach",
                      "foreach": "@body('Filter_array_expiry_date')",
                      "actions": {
                        "Update_expiry_date": {
                          "type": "OpenApiConnection",
                          "inputs": {
                            "parameters": {
                              "entityName": "cr92a_basepassrequesthistories",
                              "recordId": "@outputs('Compose_base_pass')",
                              "item/cr92a_expirydate": "@item()?['answer']"
                            },
                            "host": {
                              "apiId": "/providers/Microsoft.PowerApps/apis/shared_commondataserviceforapps",
                              "operationId": "UpdateOnlyRecord",
                              "connectionName": "shared_commondataserviceforapps"
                            }
                          }
                        }
                      },
                      "runAfter": {
                        "Filter_array_expiry_date": [
                          "Succeeded"
                        ]
                      }
                    },
                    "Filter_array_reason_late": {
                      "type": "Query",
                      "inputs": {
                        "from": "@body('map_question_and_answer')",
                        "where": "@contains(toLower(string(item()?['question'])),'applying after expiry')"
                      },
                      "runAfter": {
                        "Compose_base_pass": [
                          "Succeeded"
                        ]
                      }
                    },
                    "Apply_to_each_14": {
                      "type": "Foreach",
                      "foreach": "@body('Filter_array_reason_late')",
                      "actions": {
                        "Update_reason_late": {
                          "type": "OpenApiConnection",
                          "inputs": {
                            "parameters": {
                              "entityName": "cr92a_basepassrequesthistories",
                              "recordId": "@outputs('Compose_base_pass')",
                              "item/cr92a_remarks3": "@item()?['answer']"
                            },
                            "host": {
                              "apiId": "/providers/Microsoft.PowerApps/apis/shared_commondataserviceforapps",
                              "operationId": "UpdateOnlyRecord",
                              "connectionName": "shared_commondataserviceforapps"
                            }
                          }
                        }
                      },
                      "runAfter": {
                        "Filter_array_reason_late": [
                          "Succeeded"
                        ]
                      }
                    },
                    "Filter_array_police_report": {
                      "type": "Query",
                      "inputs": {
                        "from": "@body('map_question_and_answer')",
                        "where": "@contains(toLower(string(item()?['question'])),'police report')"
                      },
                      "runAfter": {
                        "Compose_base_pass": [
                          "Succeeded"
                        ]
                      }
                    },
                    "Apply_to_each_15": {
                      "type": "Foreach",
                      "foreach": "@body('Filter_array_police_report')",
                      "actions": {
                        "For_each_attachment": {
                          "type": "Foreach",
                          "foreach": "@triggerOutputs()?['body/attachments']",
                          "actions": {
                            "Get_Attachment_(V2)": {
                              "type": "OpenApiConnection",
                              "inputs": {
                                "parameters": {
                                  "messageId": "@triggerOutputs()?['body/id']",
                                  "attachmentId": "@item()?['id']"
                                },
                                "host": {
                                  "apiId": "/providers/Microsoft.PowerApps/apis/shared_office365",
                                  "operationId": "GetAttachment_V2",
                                  "connectionName": "shared_office365"
                                }
                              }
                            },
                            "check_police_report": {
                              "type": "If",
                              "expression": {
                                "and": [
                                  {
                                    "equals": [
                                      "@outputs('Get_Attachment_(V2)')?['body/name']",
                                      "@items('Apply_to_each_15')?['answer']"
                                    ]
                                  }
                                ]
                              },
                              "actions": {
                                "Upload_police_report": {
                                  "type": "OpenApiConnection",
                                  "inputs": {
                                    "parameters": {
                                      "x-ms-file-name": "@outputs('Get_Attachment_(V2)')?['body/name']",
                                      "entityName": "cr92a_basepassrequesthistories",
                                      "recordId": "@outputs('Compose_base_pass')",
                                      "fileImageFieldName": "cr92a_policereport",
                                      "item": "@outputs('Get_Attachment_(V2)')?['body/contentBytes']"
                                    },
                                    "host": {
                                      "apiId": "/providers/Microsoft.PowerApps/apis/shared_commondataserviceforapps",
                                      "operationId": "UpdateEntityFileImageFieldContent",
                                      "connectionName": "shared_commondataserviceforapps"
                                    }
                                  }
                                }
                              },
                              "else": {
                                "actions": {}
                              },
                              "runAfter": {
                                "Get_Attachment_(V2)": [
                                  "Succeeded"
                                ]
                              }
                            }
                          }
                        }
                      },
                      "runAfter": {
                        "Filter_array_police_report": [
                          "Succeeded"
                        ]
                      }
                    },
                    "Filter_array_base": {
                      "type": "Query",
                      "inputs": {
                        "from": "@body('map_question_and_answer')",
                        "where": "@equals(toLower(string(item()?['question'])),'base')"
                      },
                      "runAfter": {
                        "Compose_base_pass": [
                          "Succeeded"
                        ]
                      }
                    },
                    "Apply_to_each_16": {
                      "type": "Foreach",
                      "foreach": "@body('Filter_array_base')",
                      "actions": {
                        "Update_base": {
                          "type": "OpenApiConnection",
                          "inputs": {
                            "parameters": {
                              "entityName": "cr92a_basepassrequesthistories",
                              "recordId": "@outputs('Compose_base_pass')",
                              "item/cr92a_base": "@item()?['answer']"
                            },
                            "host": {
                              "apiId": "/providers/Microsoft.PowerApps/apis/shared_commondataserviceforapps",
                              "operationId": "UpdateOnlyRecord",
                              "connectionName": "shared_commondataserviceforapps"
                            }
                          }
                        }
                      },
                      "runAfter": {
                        "Filter_array_base": [
                          "Succeeded"
                        ]
                      }
                    },
                    "Filter_array_bulk": {
                      "type": "Query",
                      "inputs": {
                        "from": "@body('map_question_and_answer')",
                        "where": "@contains(toLower(string(item()?['question'])),'large group')"
                      },
                      "runAfter": {
                        "Compose_base_pass": [
                          "Succeeded"
                        ]
                      }
                    },
                    "Apply_to_each_17": {
                      "type": "Foreach",
                      "foreach": "@body('Filter_array_bulk')",
                      "actions": {
                        "check_bulk": {
                          "type": "If",
                          "expression": {
                            "and": [
                              {
                                "equals": [
                                  "@toLower(item()?['answer'])",
                                  "yes"
                                ]
                              }
                            ]
                          },
                          "actions": {
                            "Update_Bulk": {
                              "type": "OpenApiConnection",
                              "inputs": {
                                "parameters": {
                                  "entityName": "cr92a_basepassrequesthistories",
                                  "recordId": "@outputs('Compose_base_pass')",
                                  "item/cr2c7_bulksubmission": true
                                },
                                "host": {
                                  "apiId": "/providers/Microsoft.PowerApps/apis/shared_commondataserviceforapps",
                                  "operationId": "UpdateOnlyRecord",
                                  "connectionName": "shared_commondataserviceforapps"
                                }
                              }
                            }
                          },
                          "else": {
                            "actions": {}
                          }
                        }
                      },
                      "runAfter": {
                        "Filter_array_bulk": [
                          "Succeeded"
                        ]
                      }
                    },
                    "Filter_array_USO": {
                      "type": "Query",
                      "inputs": {
                        "from": "@body('map_question_and_answer')",
                        "where": "@contains(toLower(string(item()?['question'])),'unit security officer')"
                      },
                      "runAfter": {
                        "Compose_base_pass": [
                          "Succeeded"
                        ]
                      }
                    },
                    "Apply_to_each_19": {
                      "type": "Foreach",
                      "foreach": "@body('Filter_array_USO')",
                      "actions": {
                        "List_rows_User_(USO)": {
                          "type": "OpenApiConnection",
                          "inputs": {
                            "parameters": {
                              "entityName": "systemusers",
                              "$select": "fullname, internalemailaddress, systemuserid",
                              "$filter": "internalemailaddress eq '@{item()?['answer']}'"
                            },
                            "host": {
                              "apiId": "/providers/Microsoft.PowerApps/apis/shared_commondataserviceforapps",
                              "operationId": "ListRecords",
                              "connectionName": "shared_commondataserviceforapps"
                            }
                          }
                        },
                        "For_each_1": {
                          "type": "Foreach",
                          "foreach": "@outputs('List_rows_User_(USO)')?['body/value']",
                          "actions": {
                            "Update_Endorser": {
                              "type": "OpenApiConnection",
                              "inputs": {
                                "parameters": {
                                  "entityName": "cr92a_basepassrequesthistories",
                                  "recordId": "@outputs('Compose_base_pass')",
                                  "item/cr92a_endorser": "@replace(item()?['fullname'], ' .', '')"
                                },
                                "host": {
                                  "apiId": "/providers/Microsoft.PowerApps/apis/shared_commondataserviceforapps",
                                  "operationId": "UpdateOnlyRecord",
                                  "connectionName": "shared_commondataserviceforapps"
                                }
                              }
                            }
                          },
                          "runAfter": {
                            "List_rows_User_(USO)": [
                              "Succeeded"
                            ]
                          }
                        }
                      },
                      "runAfter": {
                        "Filter_array_USO": [
                          "Succeeded"
                        ]
                      }
                    }
                  },
                  "runAfter": {
                    "List_rows_base_pass_application_(update)": [
                      "Succeeded"
                    ]
                  }
                }
              },
              "runAfter": {
                "For_each_user": [
                  "Succeeded",
                  "Failed",
                  "TimedOut",
                  "Skipped"
                ]
              }
            }
          },
          "runAfter": {
            "Filter_array_Dmail": [
              "Succeeded"
            ]
          }
        }
      },
      "outputs": {}
    },
    "templateName": null
  },
  "schemaVersion": "1.0.0.0"
}