{
  "properties": {
    "connectionReferences": {
      "shared_commondataserviceforapps-1": {
        "impersonation": {},
        "runtimeSource": "embedded",
        "connection": {
          "connectionReferenceLogicalName": "rdto_sharedcommondataserviceforapps_aabb5"
        },
        "api": {
          "name": "shared_commondataserviceforapps"
        }
      },
      "shared_teams-1": {
        "runtimeSource": "invoker",
        "connection": {
          "connectionReferenceLogicalName": "rdto_sharedteams_a4225"
        },
        "api": {
          "name": "shared_teams"
        }
      }
    },
    "definition": {
      "$schema": "https://schema.management.azure.com/providers/Microsoft.Logic/schemas/2016-06-01/workflowdefinition.json#",
      "contentVersion": "undefined",
      "parameters": {
        "$authentication": {
          "defaultValue": {},
          "type": "SecureObject"
        },
        "$connections": {
          "defaultValue": {},
          "type": "Object"
        }
      },
      "triggers": {
        "manual": {
          "type": "Request",
          "kind": "PowerAppV2",
          "inputs": {
            "schema": {
              "type": "object",
              "properties": {
                "email": {
                  "description": "Enter an email address.",
                  "format": "email",
                  "title": "Email",
                  "type": "string",
                  "x-ms-content-hint": "EMAIL",
                  "x-ms-dynamically-added": true
                },
                "text": {
                  "description": "Please enter your input",
                  "title": "Input",
                  "type": "string",
                  "x-ms-content-hint": "TEXT",
                  "x-ms-dynamically-added": true
                },
                "text_1": {
                  "description": "Please enter your input",
                  "title": "Input 1",
                  "type": "string",
                  "x-ms-content-hint": "TEXT",
                  "x-ms-dynamically-added": true
                }
              },
              "required": [
                "email",
                "text",
                "text_1"
              ]
            }
          },
          "conditions": []
        }
      },
      "actions": {
        "Condition": {
          "actions": {
            "List_rows_endorser": {
              "metadata": {
                "operationMetadataId": "6aae7a29-cd0a-49b6-8b0a-504f740e7b14"
              },
              "type": "OpenApiConnection",
              "inputs": {
                "parameters": {
                  "entityName": "cr92a_basepassrequesthistories",
                  "$filter": "cr92a_remarks2 eq null and cr92a_endorsed eq 'NO'"
                },
                "host": {
                  "apiId": "/providers/Microsoft.PowerApps/apis/shared_commondataserviceforapps",
                  "connectionName": "shared_commondataserviceforapps-1",
                  "operationId": "ListRecords"
                },
                "authentication": "@parameters('$authentication')"
              }
            },
            "For_each": {
              "foreach": "@outputs('List_rows_endorser')?['body/value']",
              "actions": {
                "Get_a_row_by_ID": {
                  "type": "OpenApiConnection",
                  "inputs": {
                    "parameters": {
                      "entityName": "cr92a_rsnguestaccounts",
                      "recordId": "@item()?['_cr92a_namecivi_value']"
                    },
                    "host": {
                      "apiId": "/providers/Microsoft.PowerApps/apis/shared_commondataserviceforapps",
                      "connectionName": "shared_commondataserviceforapps-1",
                      "operationId": "GetItem"
                    },
                    "authentication": "@parameters('$authentication')"
                  }
                },
                "Condition_3": {
                  "actions": {
                    "Post_message_in_a_chat_or_channel_endorser": {
                      "metadata": {
                        "operationMetadataId": "8fd12488-2087-4dd5-b405-824490975726"
                      },
                      "type": "OpenApiConnection",
                      "inputs": {
                        "parameters": {
                          "poster": "Flow bot",
                          "location": "Chat with Flow bot",
                          "body/recipient": "@triggerBody()?['email']",
                          "body/messageBody": "<p class=\"editor-paragraph\">The Following Base Pass Applications have been Rejected!!!<br>Name: @{triggerBody()?['text_1']}</p><p class=\"editor-paragraph\">Rejected by: @{triggerBody()?['text']}</p><p class=\"editor-paragraph\">Reason: @{items('For_each')?['cr92a_remarks']}</p>"
                        },
                        "host": {
                          "apiId": "/providers/Microsoft.PowerApps/apis/shared_teams",
                          "connectionName": "shared_teams-1",
                          "operationId": "PostMessageToConversation"
                        },
                        "authentication": {
                          "value": "@json(decodeBase64(triggerOutputs().headers['X-MS-APIM-Tokens']))['$ConnectionKey']",
                          "type": "Raw"
                        }
                      }
                    }
                  },
                  "runAfter": {
                    "Get_a_row_by_ID": [
                      "Succeeded"
                    ]
                  },
                  "else": {
                    "actions": {}
                  },
                  "expression": {
                    "and": [
                      {
                        "equals": [
                          "@outputs('Get_a_row_by_ID')?['body/cr92a_name']",
                          "@triggerBody()?['text_1']"
                        ]
                      }
                    ]
                  },
                  "type": "If"
                }
              },
              "runAfter": {
                "List_rows_endorser": [
                  "Succeeded"
                ]
              },
              "type": "Foreach"
            }
          },
          "runAfter": {},
          "else": {
            "actions": {}
          },
          "expression": {
            "and": [
              {
                "equals": [
                  "@triggerBody()?['text']",
                  "Endorser"
                ]
              }
            ]
          },
          "metadata": {
            "operationMetadataId": "faf12082-c103-4c41-91e4-d15fe7a2c47d"
          },
          "type": "If"
        },
        "Condition_1": {
          "actions": {
            "List_rows_approver": {
              "metadata": {
                "operationMetadataId": "a74275a4-dcfd-4ff5-aa0c-ebbea680b0f4"
              },
              "type": "OpenApiConnection",
              "inputs": {
                "parameters": {
                  "entityName": "cr92a_basepassrequesthistories",
                  "$filter": "cr92a_remarks2 eq null and cr92a_approved eq 'NO'"
                },
                "host": {
                  "apiId": "/providers/Microsoft.PowerApps/apis/shared_commondataserviceforapps",
                  "connectionName": "shared_commondataserviceforapps-1",
                  "operationId": "ListRecords"
                },
                "authentication": "@parameters('$authentication')"
              }
            },
            "For_each_1": {
              "foreach": "@outputs('List_rows_approver')?['body/value']",
              "actions": {
                "Get_a_row_by_ID_1": {
                  "type": "OpenApiConnection",
                  "inputs": {
                    "parameters": {
                      "entityName": "cr92a_rsnguestaccounts",
                      "recordId": "@item()?['_cr92a_namecivi_value']"
                    },
                    "host": {
                      "apiId": "/providers/Microsoft.PowerApps/apis/shared_commondataserviceforapps",
                      "connectionName": "shared_commondataserviceforapps-1",
                      "operationId": "GetItem"
                    },
                    "authentication": "@parameters('$authentication')"
                  }
                },
                "Condition_4": {
                  "actions": {
                    "Post_message_in_a_chat_or_channel_approver": {
                      "metadata": {
                        "operationMetadataId": "b71a832f-12f6-476c-9453-2a8b74eeec7f"
                      },
                      "type": "OpenApiConnection",
                      "inputs": {
                        "parameters": {
                          "poster": "Flow bot",
                          "location": "Chat with Flow bot",
                          "body/recipient": "@triggerBody()?['email']",
                          "body/messageBody": "<p class=\"editor-paragraph\">The Following Base Pass Applications have been Rejected!!!</p><p class=\"editor-paragraph\">Name: @{triggerBody()?['text_1']}<br>Rejected by: @{triggerBody()?['text']}<br>Reason: @{items('For_each_1')?['cr92a_remarks']}</p>"
                        },
                        "host": {
                          "apiId": "/providers/Microsoft.PowerApps/apis/shared_teams",
                          "connectionName": "shared_teams-1",
                          "operationId": "PostMessageToConversation"
                        },
                        "authentication": {
                          "value": "@json(decodeBase64(triggerOutputs().headers['X-MS-APIM-Tokens']))['$ConnectionKey']",
                          "type": "Raw"
                        }
                      }
                    }
                  },
                  "runAfter": {
                    "Get_a_row_by_ID_1": [
                      "Succeeded"
                    ]
                  },
                  "else": {
                    "actions": {}
                  },
                  "expression": {
                    "and": [
                      {
                        "equals": [
                          "@outputs('Get_a_row_by_ID_1')?['body/cr92a_name']",
                          "@triggerBody()?['text_1']"
                        ]
                      }
                    ]
                  },
                  "type": "If"
                }
              },
              "runAfter": {
                "List_rows_approver": [
                  "Succeeded"
                ]
              },
              "type": "Foreach"
            }
          },
          "runAfter": {},
          "else": {
            "actions": {}
          },
          "expression": {
            "and": [
              {
                "equals": [
                  "@triggerBody()?['text']",
                  "Approver"
                ]
              }
            ]
          },
          "metadata": {
            "operationMetadataId": "1600960c-f4b4-43e9-bcd7-539ddd526c97"
          },
          "type": "If"
        },
        "Condition_2": {
          "actions": {
            "List_rows_NSB": {
              "metadata": {
                "operationMetadataId": "8f1be5b3-420e-4d2b-81b7-9d8f96636369"
              },
              "type": "OpenApiConnection",
              "inputs": {
                "parameters": {
                  "entityName": "cr92a_basepassrequesthistories",
                  "$filter": "cr92a_remarks2 eq null and cr92a_nsbapprove eq 'NO'"
                },
                "host": {
                  "apiId": "/providers/Microsoft.PowerApps/apis/shared_commondataserviceforapps",
                  "connectionName": "shared_commondataserviceforapps-1",
                  "operationId": "ListRecords"
                },
                "authentication": "@parameters('$authentication')"
              }
            },
            "For_each_2": {
              "foreach": "@outputs('List_rows_NSB')?['body/value']",
              "actions": {
                "Get_a_row_by_ID_2": {
                  "type": "OpenApiConnection",
                  "inputs": {
                    "parameters": {
                      "entityName": "cr92a_rsnguestaccounts",
                      "recordId": "@item()?['_cr92a_namecivi_value']"
                    },
                    "host": {
                      "apiId": "/providers/Microsoft.PowerApps/apis/shared_commondataserviceforapps",
                      "connectionName": "shared_commondataserviceforapps-1",
                      "operationId": "GetItem"
                    },
                    "authentication": "@parameters('$authentication')"
                  }
                },
                "Condition_5": {
                  "actions": {
                    "Post_message_in_a_chat_or_channel_NSB": {
                      "metadata": {
                        "operationMetadataId": "d7627531-17e0-4552-91a8-7e346f5c6936"
                      },
                      "type": "OpenApiConnection",
                      "inputs": {
                        "parameters": {
                          "poster": "Flow bot",
                          "location": "Chat with Flow bot",
                          "body/recipient": "@triggerBody()?['email']",
                          "body/messageBody": "<p class=\"editor-paragraph\">The Following Base Pass Applications have been Rejected!!!</p><br><p class=\"editor-paragraph\">Name: @{triggerBody()?['text_1']}<br>Rejected by: @{triggerBody()?['text']}<br>Reason: @{items('For_each_2')?['cr92a_remarks']}</p>"
                        },
                        "host": {
                          "apiId": "/providers/Microsoft.PowerApps/apis/shared_teams",
                          "connectionName": "shared_teams-1",
                          "operationId": "PostMessageToConversation"
                        },
                        "authentication": {
                          "value": "@json(decodeBase64(triggerOutputs().headers['X-MS-APIM-Tokens']))['$ConnectionKey']",
                          "type": "Raw"
                        }
                      }
                    }
                  },
                  "runAfter": {
                    "Get_a_row_by_ID_2": [
                      "Succeeded"
                    ]
                  },
                  "else": {
                    "actions": {}
                  },
                  "expression": {
                    "and": [
                      {
                        "equals": [
                          "@outputs('Get_a_row_by_ID_2')?['body/cr92a_name']",
                          "@triggerBody()?['text_1']"
                        ]
                      }
                    ]
                  },
                  "type": "If"
                }
              },
              "runAfter": {
                "List_rows_NSB": [
                  "Succeeded"
                ]
              },
              "type": "Foreach"
            }
          },
          "runAfter": {},
          "else": {
            "actions": {}
          },
          "expression": {
            "and": [
              {
                "equals": [
                  "@triggerBody()?['text']",
                  "NSB"
                ]
              }
            ]
          },
          "metadata": {
            "operationMetadataId": "6379255f-53f2-42ab-95e5-1b6b9c79b48c"
          },
          "type": "If"
        }
      }
    },
    "templateName": null
  },
  "schemaVersion": "1.0.0.0"
}