{
  "properties": {
    "connectionReferences": {
      "shared_office365": {
        "api": {
          "name": "shared_office365"
        },
        "connection": {
          "connectionReferenceLogicalName": "rdto_sharedoffice365_83b5a"
        },
        "runtimeSource": "embedded"
      },
      "shared_commondataserviceforapps": {
        "api": {
          "name": "shared_commondataserviceforapps"
        },
        "connection": {
          "connectionReferenceLogicalName": "rdto_sharedcommondataserviceforapps_aabb5"
        },
        "runtimeSource": "embedded"
      }
    },
    "definition": {
      "$schema": "https://schema.management.azure.com/providers/Microsoft.Logic/schemas/2016-06-01/workflowdefinition.json#",
      "contentVersion": "1.0.0.0",
      "parameters": {
        "$authentication": {
          "defaultValue": {},
          "type": "SecureObject"
        },
        "$connections": {
          "defaultValue": {},
          "type": "Object"
        }
      },
      "triggers": {
        "When_a_new_email_arrives_(V3)": {
          "type": "OpenApiConnectionNotification",
          "inputs": {
            "parameters": {
              "from": "info@mail.form.gov.sg",
              "subjectFilter": "formsg-auto: RSN Car Label Application",
              "folderPath": "Id::AAMkADBlOTJjOWVmLTNkYjMtNGQyZS05ZWM0LTUxYmM1ZTQ3YWI1NQAuAAAAAABpEt_gNwpmRax-t7bQHm3yAQChaSfPUw4aSr2WG0Rea7OoAAEVz7K0AAA="
            },
            "host": {
              "apiId": "/providers/Microsoft.PowerApps/apis/shared_office365",
              "operationId": "OnNewEmailV3",
              "connectionName": "shared_office365"
            }
          },
          "splitOn": "@triggerOutputs()?['body/value']",
          "metadata": {
            "Id::AAMkADBlOTJjOWVmLTNkYjMtNGQyZS05ZWM0LTUxYmM1ZTQ3YWI1NQAuAAAAAABpEt_gNwpmRax-t7bQHm3yAQChaSfPUw4aSr2WG0Rea7OoAAEVz7K0AAA=": "FormSG Submissions"
          }
        }
      },
      "actions": {
        "Compose": {
          "type": "Compose",
          "inputs": "@replace(replace(slice(triggerOutputs()?['body/body'],indexOf(triggerOutputs()?['body/body'], '[{'), indexOf(triggerOutputs()?['body/body'], '}]')), '&quot','\"'), ';','')",
          "runAfter": {}
        },
        "Parse_JSON": {
          "type": "ParseJson",
          "inputs": {
            "content": "@outputs('Compose')",
            "schema": {
              "type": "array",
              "items": {
                "type": "object",
                "properties": {
                  "question": {
                    "type": "string"
                  },
                  "answer": {
                    "type": "string"
                  }
                },
                "required": [
                  "question",
                  "answer"
                ]
              }
            }
          },
          "runAfter": {
            "Compose": [
              "Succeeded"
            ]
          }
        },
        "map_question_and_answer": {
          "type": "Select",
          "inputs": {
            "from": "@body('Parse_JSON')",
            "select": {
              "question": "@item()['question']",
              "answer": "@item()['answer']"
            }
          },
          "runAfter": {
            "Parse_JSON": [
              "Succeeded"
            ]
          }
        },
        "Filter_array_service_status": {
          "type": "Query",
          "inputs": {
            "from": "@body('map_question_and_answer')",
            "where": "@equals(toLower(string(item()?['question'])),'service status')"
          },
          "runAfter": {
            "map_question_and_answer": [
              "Succeeded"
            ]
          }
        },
        "Create_new_application": {
          "type": "Foreach",
          "foreach": "@body('Filter_array_service_status')",
          "actions": {
            "check_service_status": {
              "type": "If",
              "expression": {
                "and": [
                  {
                    "equals": [
                      "@toLower(item()?['answer'])",
                      "in-service personnel"
                    ]
                  }
                ]
              },
              "actions": {
                "Filter_array_name_rsn": {
                  "type": "Query",
                  "inputs": {
                    "from": "@body('map_question_and_answer')",
                    "where": "@equals(toLower(string(item()?['question'])),'name')"
                  }
                },
                "Apply_to_each_1": {
                  "type": "Foreach",
                  "foreach": "@body('Filter_array_name_rsn')",
                  "actions": {
                    "List_rows_user": {
                      "type": "OpenApiConnection",
                      "inputs": {
                        "parameters": {
                          "entityName": "systemusers",
                          "$filter": "contains(fullname, '@{item()?['answer']}')"
                        },
                        "host": {
                          "apiId": "/providers/Microsoft.PowerApps/apis/shared_commondataserviceforapps",
                          "operationId": "ListRecords",
                          "connectionName": "shared_commondataserviceforapps"
                        }
                      }
                    },
                    "For_each": {
                      "type": "Foreach",
                      "foreach": "@outputs('List_rows_user')?['body/value']",
                      "actions": {
                        "List_rows_car_label_application_(create_rsn)": {
                          "type": "OpenApiConnection",
                          "inputs": {
                            "parameters": {
                              "entityName": "cr92a_carlabelapplications",
                              "$select": "_cr92a_namersn_value, cr92a_approved",
                              "$filter": "_cr92a_namersn_value eq @{item()?['systemuserid']}"
                            },
                            "host": {
                              "apiId": "/providers/Microsoft.PowerApps/apis/shared_commondataserviceforapps",
                              "operationId": "ListRecords",
                              "connectionName": "shared_commondataserviceforapps"
                            }
                          }
                        },
                        "select_lookup_value": {
                          "type": "Select",
                          "inputs": {
                            "from": "@outputs('List_rows_car_label_application_(create_rsn)')?['body/value']",
                            "select": "@item()?['_cr92a_namersn_value']"
                          },
                          "runAfter": {
                            "List_rows_car_label_application_(create_rsn)": [
                              "Succeeded"
                            ]
                          }
                        },
                        "Select_approved": {
                          "type": "Select",
                          "inputs": {
                            "from": "@outputs('List_rows_car_label_application_(create_rsn)')?['body/value']",
                            "select": "@item()?['cr92a_approved']"
                          },
                          "runAfter": {
                            "select_lookup_value": [
                              "Succeeded"
                            ]
                          }
                        },
                        "prevent_duplicate_(military)": {
                          "type": "If",
                          "expression": {
                            "and": [
                              {
                                "contains": [
                                  "@body('Select_approved')",
                                  "@null"
                                ]
                              },
                              {
                                "contains": [
                                  "@body('select_lookup_value')",
                                  "@item()?['systemuserid']"
                                ]
                              }
                            ]
                          },
                          "actions": {},
                          "else": {
                            "actions": {
                              "Add_a_new_car_label_application_(Military)": {
                                "type": "OpenApiConnection",
                                "inputs": {
                                  "parameters": {
                                    "entityName": "cr92a_carlabelapplications",
                                    "item/cr92a_NameRSN@odata.bind": "@item()?['@odata.id']"
                                  },
                                  "host": {
                                    "apiId": "/providers/Microsoft.PowerApps/apis/shared_commondataserviceforapps",
                                    "operationId": "CreateRecord",
                                    "connectionName": "shared_commondataserviceforapps"
                                  }
                                }
                              }
                            }
                          },
                          "runAfter": {
                            "Select_approved": [
                              "Succeeded"
                            ]
                          }
                        },
                        "List_rows_car_label_application_(update)": {
                          "type": "OpenApiConnection",
                          "inputs": {
                            "parameters": {
                              "entityName": "cr92a_carlabelapplications",
                              "$filter": "_cr92a_namersn_value eq @{item()?['systemuserid']} and cr92a_approved eq null"
                            },
                            "host": {
                              "apiId": "/providers/Microsoft.PowerApps/apis/shared_commondataserviceforapps",
                              "operationId": "ListRecords",
                              "connectionName": "shared_commondataserviceforapps"
                            }
                          },
                          "runAfter": {
                            "prevent_duplicate_(military)": [
                              "Succeeded"
                            ]
                          }
                        },
                        "For_each_car_label_application_(military)": {
                          "type": "Foreach",
                          "foreach": "@outputs('List_rows_car_label_application_(update)')?['body/value']",
                          "actions": {
                            "Compose_car_label_application": {
                              "type": "Compose",
                              "inputs": "@item()?['cr92a_carlabelapplicationid']"
                            },
                            "Filter_array_vehicle": {
                              "type": "Query",
                              "inputs": {
                                "from": "@body('map_question_and_answer')",
                                "where": "@equals(toLower(string(item()?['question'])),'vehicle')"
                              },
                              "runAfter": {
                                "Compose_car_label_application": [
                                  "Succeeded"
                                ]
                              }
                            },
                            "apply_to_each_vehicle": {
                              "type": "Foreach",
                              "foreach": "@body('Filter_array_vehicle')",
                              "actions": {
                                "Update_vehicle": {
                                  "type": "OpenApiConnection",
                                  "inputs": {
                                    "parameters": {
                                      "entityName": "cr92a_carlabelapplications",
                                      "recordId": "@outputs('Compose_car_label_application')",
                                      "item/cr92a_vehicle": "@item()?['answer']"
                                    },
                                    "host": {
                                      "apiId": "/providers/Microsoft.PowerApps/apis/shared_commondataserviceforapps",
                                      "operationId": "UpdateOnlyRecord",
                                      "connectionName": "shared_commondataserviceforapps"
                                    }
                                  }
                                }
                              },
                              "runAfter": {
                                "Filter_array_vehicle": [
                                  "Succeeded"
                                ]
                              }
                            },
                            "Filter_array_vehicle_colour": {
                              "type": "Query",
                              "inputs": {
                                "from": "@body('map_question_and_answer')",
                                "where": "@equals(toLower(string(item()?['question'])),'vehicle colour')"
                              },
                              "runAfter": {
                                "Compose_car_label_application": [
                                  "Succeeded"
                                ]
                              }
                            },
                            "Apply_to_each_2": {
                              "type": "Foreach",
                              "foreach": "@body('Filter_array_vehicle_colour')",
                              "actions": {
                                "Update_vehicle_colour": {
                                  "type": "OpenApiConnection",
                                  "inputs": {
                                    "parameters": {
                                      "entityName": "cr92a_carlabelapplications",
                                      "recordId": "@outputs('Compose_car_label_application')",
                                      "item/cr92a_vehiclecolour": "@item()?['answer']"
                                    },
                                    "host": {
                                      "apiId": "/providers/Microsoft.PowerApps/apis/shared_commondataserviceforapps",
                                      "operationId": "UpdateOnlyRecord",
                                      "connectionName": "shared_commondataserviceforapps"
                                    }
                                  }
                                }
                              },
                              "runAfter": {
                                "Filter_array_vehicle_colour": [
                                  "Succeeded"
                                ]
                              }
                            },
                            "Filter_array_vehicle_model": {
                              "type": "Query",
                              "inputs": {
                                "from": "@body('map_question_and_answer')",
                                "where": "@equals(toLower(string(item()?['question'])),'vehicle model')"
                              },
                              "runAfter": {
                                "Compose_car_label_application": [
                                  "Succeeded"
                                ]
                              }
                            },
                            "Apply_to_each_3": {
                              "type": "Foreach",
                              "foreach": "@body('Filter_array_vehicle_model')",
                              "actions": {
                                "Update_vehicle_model": {
                                  "type": "OpenApiConnection",
                                  "inputs": {
                                    "parameters": {
                                      "entityName": "cr92a_carlabelapplications",
                                      "recordId": "@outputs('Compose_car_label_application')",
                                      "item/cr92a_vehiclemodel": "@item()?['answer']"
                                    },
                                    "host": {
                                      "apiId": "/providers/Microsoft.PowerApps/apis/shared_commondataserviceforapps",
                                      "operationId": "UpdateOnlyRecord",
                                      "connectionName": "shared_commondataserviceforapps"
                                    }
                                  }
                                }
                              },
                              "runAfter": {
                                "Filter_array_vehicle_model": [
                                  "Succeeded"
                                ]
                              }
                            },
                            "Filter_array_reason": {
                              "type": "Query",
                              "inputs": {
                                "from": "@body('map_question_and_answer')",
                                "where": "@equals(toLower(string(item()?['question'])),'reason for application')"
                              },
                              "runAfter": {
                                "Compose_car_label_application": [
                                  "Succeeded"
                                ]
                              }
                            },
                            "apply_to_each_reason": {
                              "type": "Foreach",
                              "foreach": "@body('Filter_array_reason')",
                              "actions": {
                                "Update_reason_for_app": {
                                  "type": "OpenApiConnection",
                                  "inputs": {
                                    "parameters": {
                                      "entityName": "cr92a_carlabelapplications",
                                      "recordId": "@outputs('Compose_car_label_application')",
                                      "item/cr92a_reasonforapplication": "@item()?['answer']"
                                    },
                                    "host": {
                                      "apiId": "/providers/Microsoft.PowerApps/apis/shared_commondataserviceforapps",
                                      "operationId": "UpdateOnlyRecord",
                                      "connectionName": "shared_commondataserviceforapps"
                                    }
                                  }
                                }
                              },
                              "runAfter": {
                                "Filter_array_reason": [
                                  "Succeeded"
                                ]
                              }
                            },
                            "Filter_array_serial": {
                              "type": "Query",
                              "inputs": {
                                "from": "@body('map_question_and_answer')",
                                "where": "@contains(toLower(string(item()?['question'])),'serial number')"
                              },
                              "runAfter": {
                                "Compose_car_label_application": [
                                  "Succeeded"
                                ]
                              }
                            },
                            "Apply_to_each_4": {
                              "type": "Foreach",
                              "foreach": "@body('Filter_array_serial')",
                              "actions": {
                                "Update_serial": {
                                  "type": "OpenApiConnection",
                                  "inputs": {
                                    "parameters": {
                                      "entityName": "cr92a_carlabelapplications",
                                      "recordId": "@outputs('Compose_car_label_application')",
                                      "item/cr92a_labelserialnumber": "@item()?['answer']"
                                    },
                                    "host": {
                                      "apiId": "/providers/Microsoft.PowerApps/apis/shared_commondataserviceforapps",
                                      "operationId": "UpdateOnlyRecord",
                                      "connectionName": "shared_commondataserviceforapps"
                                    }
                                  }
                                }
                              },
                              "runAfter": {
                                "Filter_array_serial": [
                                  "Succeeded"
                                ]
                              }
                            },
                            "Filter_array_expiry": {
                              "type": "Query",
                              "inputs": {
                                "from": "@body('map_question_and_answer')",
                                "where": "@contains(toLower(string(item()?['question'])),'base pass expiry')"
                              },
                              "runAfter": {
                                "Compose_car_label_application": [
                                  "Succeeded"
                                ]
                              }
                            },
                            "Filter_array_collection": {
                              "type": "Query",
                              "inputs": {
                                "from": "@body('map_question_and_answer')",
                                "where": "@equals(toLower(string(item()?['question'])),'collection point')"
                              },
                              "runAfter": {
                                "Compose_car_label_application": [
                                  "Succeeded"
                                ]
                              }
                            },
                            "Filter_array_USO": {
                              "type": "Query",
                              "inputs": {
                                "from": "@body('map_question_and_answer')",
                                "where": "@contains(toLower(string(item()?['question'])),'unit security officer')"
                              },
                              "runAfter": {
                                "Compose_car_label_application": [
                                  "Succeeded"
                                ]
                              }
                            },
                            "apply_to_each_number_plate": {
                              "type": "Foreach",
                              "foreach": "@body('Filter_array_number_plate')",
                              "actions": {
                                "Update_number_plate": {
                                  "type": "OpenApiConnection",
                                  "inputs": {
                                    "parameters": {
                                      "entityName": "cr92a_carlabelapplications",
                                      "recordId": "@outputs('Compose_car_label_application')",
                                      "item/cr92a_numberplate": "@item()?['answer']"
                                    },
                                    "host": {
                                      "apiId": "/providers/Microsoft.PowerApps/apis/shared_commondataserviceforapps",
                                      "operationId": "UpdateOnlyRecord",
                                      "connectionName": "shared_commondataserviceforapps"
                                    }
                                  }
                                }
                              },
                              "runAfter": {
                                "Filter_array_number_plate": [
                                  "Succeeded"
                                ]
                              }
                            },
                            "Apply_to_each_5": {
                              "type": "Foreach",
                              "foreach": "@body('Filter_array_collection')",
                              "actions": {
                                "Update_collection_pt": {
                                  "type": "OpenApiConnection",
                                  "inputs": {
                                    "parameters": {
                                      "entityName": "cr92a_carlabelapplications",
                                      "recordId": "@outputs('Compose_car_label_application')",
                                      "item/cr92a_collectionpoint": "@item()?['answer']"
                                    },
                                    "host": {
                                      "apiId": "/providers/Microsoft.PowerApps/apis/shared_commondataserviceforapps",
                                      "operationId": "UpdateOnlyRecord",
                                      "connectionName": "shared_commondataserviceforapps"
                                    }
                                  }
                                }
                              },
                              "runAfter": {
                                "Filter_array_collection": [
                                  "Succeeded"
                                ]
                              }
                            },
                            "Apply_to_each_6": {
                              "type": "Foreach",
                              "foreach": "@body('Filter_array_USO')",
                              "actions": {
                                "List_rows_User_(USO)": {
                                  "type": "OpenApiConnection",
                                  "inputs": {
                                    "parameters": {
                                      "entityName": "systemusers",
                                      "$select": "fullname, internalemailaddress, systemuserid",
                                      "$filter": "internalemailaddress eq '@{item()?['answer']}'"
                                    },
                                    "host": {
                                      "apiId": "/providers/Microsoft.PowerApps/apis/shared_commondataserviceforapps",
                                      "operationId": "ListRecords",
                                      "connectionName": "shared_commondataserviceforapps"
                                    }
                                  }
                                },
                                "Apply_to_each_7": {
                                  "type": "Foreach",
                                  "foreach": "@outputs('List_rows_User_(USO)')?['body/value']",
                                  "actions": {
                                    "Update_approver": {
                                      "type": "OpenApiConnection",
                                      "inputs": {
                                        "parameters": {
                                          "entityName": "cr92a_carlabelapplications",
                                          "recordId": "@outputs('Compose_car_label_application')",
                                          "item/cr92a_approver": "@replace(item()?['fullname'], ' .', '')"
                                        },
                                        "host": {
                                          "apiId": "/providers/Microsoft.PowerApps/apis/shared_commondataserviceforapps",
                                          "operationId": "UpdateOnlyRecord",
                                          "connectionName": "shared_commondataserviceforapps"
                                        }
                                      }
                                    }
                                  },
                                  "runAfter": {
                                    "List_rows_User_(USO)": [
                                      "Succeeded"
                                    ]
                                  }
                                }
                              },
                              "runAfter": {
                                "Filter_array_USO": [
                                  "Succeeded"
                                ]
                              }
                            },
                            "Filter_array_number_plate": {
                              "type": "Query",
                              "inputs": {
                                "from": "@body('map_question_and_answer')",
                                "where": "@equals(toLower(string(item()?['question'])),'number plate')"
                              },
                              "runAfter": {
                                "Compose_car_label_application": [
                                  "Succeeded"
                                ]
                              }
                            },
                            "Apply_to_each_8": {
                              "type": "Foreach",
                              "foreach": "@body('Filter_array_expiry')",
                              "actions": {
                                "Update_expiry": {
                                  "type": "OpenApiConnection",
                                  "inputs": {
                                    "parameters": {
                                      "entityName": "cr92a_carlabelapplications",
                                      "recordId": "@outputs('Compose_car_label_application')",
                                      "item/cr92a_basepassexpirydate": "@item()?['answer']"
                                    },
                                    "host": {
                                      "apiId": "/providers/Microsoft.PowerApps/apis/shared_commondataserviceforapps",
                                      "operationId": "UpdateOnlyRecord",
                                      "connectionName": "shared_commondataserviceforapps"
                                    }
                                  }
                                }
                              },
                              "runAfter": {
                                "Filter_array_expiry": [
                                  "Succeeded"
                                ]
                              }
                            }
                          },
                          "runAfter": {
                            "List_rows_car_label_application_(update)": [
                              "Succeeded"
                            ]
                          }
                        }
                      },
                      "runAfter": {
                        "List_rows_user": [
                          "Succeeded"
                        ]
                      }
                    }
                  },
                  "runAfter": {
                    "Filter_array_name_rsn": [
                      "Succeeded"
                    ]
                  }
                }
              },
              "else": {
                "actions": {
                  "Filter_array_nric": {
                    "type": "Query",
                    "inputs": {
                      "from": "@body('map_question_and_answer')",
                      "where": "@contains(toLower(string(item()?['question'])),'nric')"
                    }
                  },
                  "Apply_to_each": {
                    "type": "Foreach",
                    "foreach": "@body('Filter_array_nric')",
                    "actions": {
                      "List_rows_rsn_guest": {
                        "type": "OpenApiConnection",
                        "inputs": {
                          "parameters": {
                            "entityName": "cr92a_rsnguestaccounts",
                            "$filter": "cr92a_nricpassport eq '@{item()?['answer']}'"
                          },
                          "host": {
                            "apiId": "/providers/Microsoft.PowerApps/apis/shared_commondataserviceforapps",
                            "operationId": "ListRecords",
                            "connectionName": "shared_commondataserviceforapps"
                          }
                        },
                        "runAfter": {
                          "Check_NRIC_in_guest_account": [
                            "SUCCEEDED"
                          ]
                        }
                      },
                      "For_each_1": {
                        "type": "Foreach",
                        "foreach": "@outputs('List_rows_rsn_guest')?['body/value']",
                        "actions": {
                          "List_rows_car_label_application_(create_civi)": {
                            "type": "OpenApiConnection",
                            "inputs": {
                              "parameters": {
                                "entityName": "cr92a_carlabelapplications",
                                "$select": "_cr92a_namecivi_value, cr92a_approved",
                                "$filter": "_cr92a_namecivi_value eq @{item()?['cr92a_rsnguestaccountid']}"
                              },
                              "host": {
                                "apiId": "/providers/Microsoft.PowerApps/apis/shared_commondataserviceforapps",
                                "operationId": "ListRecords",
                                "connectionName": "shared_commondataserviceforapps"
                              }
                            }
                          },
                          "Select_lookup_value_2": {
                            "type": "Select",
                            "inputs": {
                              "from": "@outputs('List_rows_car_label_application_(create_civi)')?['body/value']",
                              "select": "@item()?['_cr92a_namecivi_value']"
                            },
                            "runAfter": {
                              "List_rows_car_label_application_(create_civi)": [
                                "Succeeded"
                              ]
                            }
                          },
                          "Select_approved_2": {
                            "type": "Select",
                            "inputs": {
                              "from": "@outputs('List_rows_car_label_application_(create_civi)')?['body/value']",
                              "select": "@item()?['cr92a_approved']"
                            },
                            "runAfter": {
                              "Select_lookup_value_2": [
                                "Succeeded"
                              ]
                            }
                          },
                          "prevent_duplicate_(civi)": {
                            "type": "If",
                            "expression": {
                              "and": [
                                {
                                  "contains": [
                                    "@body('Select_approved_2')",
                                    "@null"
                                  ]
                                },
                                {
                                  "contains": [
                                    "@body('Select_approved_2')",
                                    "@item()?['cr92a_rsnguestaccountid']"
                                  ]
                                }
                              ]
                            },
                            "actions": {},
                            "else": {
                              "actions": {
                                "Add_a_new_car_label_application_(civi)": {
                                  "type": "OpenApiConnection",
                                  "inputs": {
                                    "parameters": {
                                      "entityName": "cr92a_carlabelapplications",
                                      "item/cr92a_NameCivi@odata.bind": "@item()?['@odata.id']"
                                    },
                                    "host": {
                                      "apiId": "/providers/Microsoft.PowerApps/apis/shared_commondataserviceforapps",
                                      "operationId": "CreateRecord",
                                      "connectionName": "shared_commondataserviceforapps"
                                    }
                                  }
                                }
                              }
                            },
                            "runAfter": {
                              "Select_approved_2": [
                                "Succeeded"
                              ]
                            }
                          },
                          "List_rows_car_label_application_(civi_update)": {
                            "type": "OpenApiConnection",
                            "inputs": {
                              "parameters": {
                                "entityName": "cr92a_carlabelapplications",
                                "$filter": "_cr92a_namecivi_value eq @{item()?['cr92a_rsnguestaccountid']} and cr92a_approved eq null"
                              },
                              "host": {
                                "apiId": "/providers/Microsoft.PowerApps/apis/shared_commondataserviceforapps",
                                "operationId": "ListRecords",
                                "connectionName": "shared_commondataserviceforapps"
                              }
                            },
                            "runAfter": {
                              "prevent_duplicate_(civi)": [
                                "Succeeded"
                              ]
                            }
                          },
                          "For_each_car_label_application_(civi)": {
                            "type": "Foreach",
                            "foreach": "@outputs('List_rows_car_label_application_(civi_update)')?['body/value']",
                            "actions": {
                              "Compose_car_label_application_(civi)": {
                                "type": "Compose",
                                "inputs": "@items('For_each_car_label_application_(civi)')?['cr92a_carlabelapplicationid']"
                              },
                              "Filter_array_vehicle-copy": {
                                "type": "Query",
                                "inputs": {
                                  "from": "@body('map_question_and_answer')",
                                  "where": "@equals(toLower(string(item()?['question'])),'vehicle')"
                                },
                                "runAfter": {
                                  "Compose_car_label_application_(civi)": [
                                    "Succeeded"
                                  ]
                                }
                              },
                              "apply_to_each_vehicle-copy": {
                                "type": "Foreach",
                                "foreach": "@body('Filter_array_vehicle-copy')",
                                "actions": {
                                  "Update_vehicle_1": {
                                    "type": "OpenApiConnection",
                                    "inputs": {
                                      "parameters": {
                                        "entityName": "cr92a_carlabelapplications",
                                        "recordId": "@outputs('Compose_car_label_application_(civi)')",
                                        "item/cr92a_vehicle": "@item()?['answer']"
                                      },
                                      "host": {
                                        "apiId": "/providers/Microsoft.PowerApps/apis/shared_commondataserviceforapps",
                                        "operationId": "UpdateOnlyRecord",
                                        "connectionName": "shared_commondataserviceforapps"
                                      }
                                    }
                                  }
                                },
                                "runAfter": {
                                  "Filter_array_vehicle-copy": [
                                    "Succeeded"
                                  ]
                                }
                              },
                              "Filter_array_vehicle_colour-copy": {
                                "type": "Query",
                                "inputs": {
                                  "from": "@body('map_question_and_answer')",
                                  "where": "@equals(toLower(string(item()?['question'])),'vehicle colour')"
                                },
                                "runAfter": {
                                  "Compose_car_label_application_(civi)": [
                                    "Succeeded"
                                  ]
                                }
                              },
                              "Apply_to_each_2-copy": {
                                "type": "Foreach",
                                "foreach": "@body('Filter_array_vehicle_colour-copy')",
                                "actions": {
                                  "Update_vehicle_colour_1": {
                                    "type": "OpenApiConnection",
                                    "inputs": {
                                      "parameters": {
                                        "entityName": "cr92a_carlabelapplications",
                                        "recordId": "@outputs('Compose_car_label_application_(civi)')",
                                        "item/cr92a_vehiclecolour": "@item()?['answer']"
                                      },
                                      "host": {
                                        "apiId": "/providers/Microsoft.PowerApps/apis/shared_commondataserviceforapps",
                                        "operationId": "UpdateOnlyRecord",
                                        "connectionName": "shared_commondataserviceforapps"
                                      }
                                    }
                                  }
                                },
                                "runAfter": {
                                  "Filter_array_vehicle_colour-copy": [
                                    "Succeeded"
                                  ]
                                }
                              },
                              "Filter_array_vehicle_model-copy": {
                                "type": "Query",
                                "inputs": {
                                  "from": "@body('map_question_and_answer')",
                                  "where": "@equals(toLower(string(item()?['question'])),'vehicle model')"
                                },
                                "runAfter": {
                                  "Compose_car_label_application_(civi)": [
                                    "Succeeded"
                                  ]
                                }
                              },
                              "Apply_to_each_3-copy": {
                                "type": "Foreach",
                                "foreach": "@body('Filter_array_vehicle_model-copy')",
                                "actions": {
                                  "Update_vehicle_model_1": {
                                    "type": "OpenApiConnection",
                                    "inputs": {
                                      "parameters": {
                                        "entityName": "cr92a_carlabelapplications",
                                        "recordId": "@outputs('Compose_car_label_application_(civi)')",
                                        "item/cr92a_vehiclemodel": "@item()?['answer']"
                                      },
                                      "host": {
                                        "apiId": "/providers/Microsoft.PowerApps/apis/shared_commondataserviceforapps",
                                        "operationId": "UpdateOnlyRecord",
                                        "connectionName": "shared_commondataserviceforapps"
                                      }
                                    }
                                  }
                                },
                                "runAfter": {
                                  "Filter_array_vehicle_model-copy": [
                                    "Succeeded"
                                  ]
                                }
                              },
                              "Filter_array_reason-copy": {
                                "type": "Query",
                                "inputs": {
                                  "from": "@body('map_question_and_answer')",
                                  "where": "@equals(toLower(string(item()?['question'])),'reason for application')"
                                },
                                "runAfter": {
                                  "Compose_car_label_application_(civi)": [
                                    "Succeeded"
                                  ]
                                }
                              },
                              "apply_to_each_reason-copy": {
                                "type": "Foreach",
                                "foreach": "@body('Filter_array_reason-copy')",
                                "actions": {
                                  "Update_reason_for_app_1": {
                                    "type": "OpenApiConnection",
                                    "inputs": {
                                      "parameters": {
                                        "entityName": "cr92a_carlabelapplications",
                                        "recordId": "@outputs('Compose_car_label_application_(civi)')",
                                        "item/cr92a_reasonforapplication": "@item()?['answer']"
                                      },
                                      "host": {
                                        "apiId": "/providers/Microsoft.PowerApps/apis/shared_commondataserviceforapps",
                                        "operationId": "UpdateOnlyRecord",
                                        "connectionName": "shared_commondataserviceforapps"
                                      }
                                    }
                                  }
                                },
                                "runAfter": {
                                  "Filter_array_reason-copy": [
                                    "Succeeded"
                                  ]
                                }
                              },
                              "Filter_array_serial-copy": {
                                "type": "Query",
                                "inputs": {
                                  "from": "@body('map_question_and_answer')",
                                  "where": "@contains(toLower(string(item()?['question'])),'serial number')"
                                },
                                "runAfter": {
                                  "Compose_car_label_application_(civi)": [
                                    "Succeeded"
                                  ]
                                }
                              },
                              "Apply_to_each_4-copy": {
                                "type": "Foreach",
                                "foreach": "@body('Filter_array_serial-copy')",
                                "actions": {
                                  "Update_serial_1": {
                                    "type": "OpenApiConnection",
                                    "inputs": {
                                      "parameters": {
                                        "entityName": "cr92a_carlabelapplications",
                                        "recordId": "@outputs('Compose_car_label_application_(civi)')",
                                        "item/cr92a_labelserialnumber": "@item()?['answer']"
                                      },
                                      "host": {
                                        "apiId": "/providers/Microsoft.PowerApps/apis/shared_commondataserviceforapps",
                                        "operationId": "UpdateOnlyRecord",
                                        "connectionName": "shared_commondataserviceforapps"
                                      }
                                    }
                                  }
                                },
                                "runAfter": {
                                  "Filter_array_serial-copy": [
                                    "Succeeded"
                                  ]
                                }
                              },
                              "Filter_array_collection-copy": {
                                "type": "Query",
                                "inputs": {
                                  "from": "@body('map_question_and_answer')",
                                  "where": "@equals(toLower(string(item()?['question'])),'collection point')"
                                },
                                "runAfter": {
                                  "Compose_car_label_application_(civi)": [
                                    "Succeeded"
                                  ]
                                }
                              },
                              "Apply_to_each_5-copy": {
                                "type": "Foreach",
                                "foreach": "@body('Filter_array_collection-copy')",
                                "actions": {
                                  "Update_collection_pt_1": {
                                    "type": "OpenApiConnection",
                                    "inputs": {
                                      "parameters": {
                                        "entityName": "cr92a_carlabelapplications",
                                        "recordId": "@outputs('Compose_car_label_application_(civi)')",
                                        "item/cr92a_collectionpoint": "@item()?['answer']"
                                      },
                                      "host": {
                                        "apiId": "/providers/Microsoft.PowerApps/apis/shared_commondataserviceforapps",
                                        "operationId": "UpdateOnlyRecord",
                                        "connectionName": "shared_commondataserviceforapps"
                                      }
                                    }
                                  }
                                },
                                "runAfter": {
                                  "Filter_array_collection-copy": [
                                    "Succeeded"
                                  ]
                                }
                              },
                              "Filter_array_USO-copy": {
                                "type": "Query",
                                "inputs": {
                                  "from": "@body('map_question_and_answer')",
                                  "where": "@contains(toLower(string(item()?['question'])),'unit security officer')"
                                },
                                "runAfter": {
                                  "Compose_car_label_application_(civi)": [
                                    "Succeeded"
                                  ]
                                }
                              },
                              "Apply_to_each_6-copy": {
                                "type": "Foreach",
                                "foreach": "@body('Filter_array_USO-copy')",
                                "actions": {
                                  "List_rows_User_(USO)_1": {
                                    "type": "OpenApiConnection",
                                    "inputs": {
                                      "parameters": {
                                        "entityName": "systemusers",
                                        "$select": "fullname, internalemailaddress, systemuserid",
                                        "$filter": "internalemailaddress eq '@{item()?['answer']}'"
                                      },
                                      "host": {
                                        "apiId": "/providers/Microsoft.PowerApps/apis/shared_commondataserviceforapps",
                                        "operationId": "ListRecords",
                                        "connectionName": "shared_commondataserviceforapps"
                                      }
                                    }
                                  },
                                  "Apply_to_each_9": {
                                    "type": "Foreach",
                                    "foreach": "@outputs('List_rows_User_(USO)_1')?['body/value']",
                                    "actions": {
                                      "Update_approver_1": {
                                        "type": "OpenApiConnection",
                                        "inputs": {
                                          "parameters": {
                                            "entityName": "cr92a_carlabelapplications",
                                            "recordId": "@outputs('Compose_car_label_application_(civi)')",
                                            "item/cr92a_approver": "@replace(item()?['fullname'], ' .', '')"
                                          },
                                          "host": {
                                            "apiId": "/providers/Microsoft.PowerApps/apis/shared_commondataserviceforapps",
                                            "operationId": "UpdateOnlyRecord",
                                            "connectionName": "shared_commondataserviceforapps"
                                          }
                                        }
                                      }
                                    },
                                    "runAfter": {
                                      "List_rows_User_(USO)_1": [
                                        "Succeeded"
                                      ]
                                    }
                                  }
                                },
                                "runAfter": {
                                  "Filter_array_USO-copy": [
                                    "Succeeded"
                                  ]
                                }
                              },
                              "Filter_array_number_plate-copy": {
                                "type": "Query",
                                "inputs": {
                                  "from": "@body('map_question_and_answer')",
                                  "where": "@equals(toLower(string(item()?['question'])),'number plate')"
                                },
                                "runAfter": {
                                  "Compose_car_label_application_(civi)": [
                                    "Succeeded"
                                  ]
                                }
                              },
                              "apply_to_each_number_plate-copy": {
                                "type": "Foreach",
                                "foreach": "@body('Filter_array_number_plate-copy')",
                                "actions": {
                                  "Update_number_plate_1": {
                                    "type": "OpenApiConnection",
                                    "inputs": {
                                      "parameters": {
                                        "entityName": "cr92a_carlabelapplications",
                                        "recordId": "@outputs('Compose_car_label_application_(civi)')",
                                        "item/cr92a_numberplate": "@item()?['answer']"
                                      },
                                      "host": {
                                        "apiId": "/providers/Microsoft.PowerApps/apis/shared_commondataserviceforapps",
                                        "operationId": "UpdateOnlyRecord",
                                        "connectionName": "shared_commondataserviceforapps"
                                      }
                                    }
                                  }
                                },
                                "runAfter": {
                                  "Filter_array_number_plate-copy": [
                                    "Succeeded"
                                  ]
                                }
                              },
                              "Filter_RSN_POC": {
                                "type": "Query",
                                "inputs": {
                                  "from": "@body('map_question_and_answer')",
                                  "where": "@contains(toLower(string(item()?['question'])),'RSN POC')"
                                },
                                "runAfter": {
                                  "Compose_car_label_application_(civi)": [
                                    "Succeeded"
                                  ]
                                }
                              },
                              "Apply_to_each_RSN_POC": {
                                "type": "Foreach",
                                "foreach": "@body('Filter_RSN_POC')",
                                "actions": {
                                  "List_rows_User_(RSNPOC)": {
                                    "type": "OpenApiConnection",
                                    "inputs": {
                                      "parameters": {
                                        "entityName": "systemusers",
                                        "$select": "fullname, internalemailaddress, systemuserid",
                                        "$filter": "internalemailaddress eq '@{item()?['answer']}'"
                                      },
                                      "host": {
                                        "apiId": "/providers/Microsoft.PowerApps/apis/shared_commondataserviceforapps",
                                        "operationId": "ListRecords",
                                        "connectionName": "shared_commondataserviceforapps"
                                      }
                                    }
                                  },
                                  "Apply_to_each_11": {
                                    "type": "Foreach",
                                    "foreach": "@outputs('List_rows_User_(RSNPOC)')?['body/value']",
                                    "actions": {
                                      "Update_RSN_POC": {
                                        "type": "OpenApiConnection",
                                        "inputs": {
                                          "parameters": {
                                            "entityName": "cr92a_carlabelapplications",
                                            "recordId": "@outputs('Compose_car_label_application_(civi)')",
                                            "item/cr2c7_rsnpoc": "@replace(item()?['fullname'], ' .', '')"
                                          },
                                          "host": {
                                            "apiId": "/providers/Microsoft.PowerApps/apis/shared_commondataserviceforapps",
                                            "operationId": "UpdateOnlyRecord",
                                            "connectionName": "shared_commondataserviceforapps"
                                          }
                                        }
                                      }
                                    },
                                    "runAfter": {
                                      "List_rows_User_(RSNPOC)": [
                                        "Succeeded"
                                      ]
                                    }
                                  }
                                },
                                "runAfter": {
                                  "Filter_RSN_POC": [
                                    "Succeeded"
                                  ]
                                }
                              }
                            },
                            "runAfter": {
                              "List_rows_car_label_application_(civi_update)": [
                                "Succeeded"
                              ]
                            }
                          }
                        },
                        "runAfter": {
                          "for_each_RSN_guest": [
                            "SUCCEEDED"
                          ]
                        }
                      },
                      "Check_NRIC_in_guest_account": {
                        "type": "If",
                        "expression": {
                          "and": [
                            {
                              "not": {
                                "contains": [
                                  "@body('Select')",
                                  "@item()?['answer']"
                                ]
                              }
                            }
                          ]
                        },
                        "actions": {
                          "Add_a_RSN_guest": {
                            "type": "OpenApiConnection",
                            "inputs": {
                              "parameters": {
                                "entityName": "cr92a_rsnguestaccounts",
                                "item/cr92a_nricpassport": "@item()?['answer']"
                              },
                              "host": {
                                "apiId": "/providers/Microsoft.PowerApps/apis/shared_commondataserviceforapps",
                                "operationId": "CreateRecord",
                                "connectionName": "shared_commondataserviceforapps"
                              }
                            }
                          }
                        },
                        "else": {
                          "actions": {}
                        }
                      },
                      "for_each_RSN_guest": {
                        "type": "Foreach",
                        "foreach": "@outputs('List_rows_rsn_guest')?['body/value']",
                        "actions": {
                          "Compose_rsn_guest_account_id": {
                            "type": "Compose",
                            "inputs": "@items('for_each_RSN_guest')?['cr92a_rsnguestaccountid']"
                          },
                          "Filter_array_name": {
                            "type": "Query",
                            "inputs": {
                              "from": "@body('map_question_and_answer')",
                              "where": "@equals(toLower(string(item()?['question'])),'name')"
                            },
                            "runAfter": {
                              "Compose_rsn_guest_account_id": [
                                "SUCCEEDED"
                              ]
                            }
                          },
                          "Apply_to_each_name": {
                            "type": "Foreach",
                            "foreach": "@body('Filter_array_name')",
                            "actions": {
                              "Update_name_civi": {
                                "type": "OpenApiConnection",
                                "inputs": {
                                  "parameters": {
                                    "entityName": "cr92a_rsnguestaccounts",
                                    "recordId": "@outputs('Compose_rsn_guest_account_id')",
                                    "item/cr92a_name": "@item()?['answer']"
                                  },
                                  "host": {
                                    "apiId": "/providers/Microsoft.PowerApps/apis/shared_commondataserviceforapps",
                                    "operationId": "UpdateOnlyRecord",
                                    "connectionName": "shared_commondataserviceforapps"
                                  }
                                }
                              }
                            },
                            "runAfter": {
                              "Filter_array_name": [
                                "SUCCEEDED"
                              ]
                            }
                          },
                          "Filter_array_nationality": {
                            "type": "Query",
                            "inputs": {
                              "from": "@body('map_question_and_answer')",
                              "where": "@equals(toLower(string(item()?['question'])),'nationality')"
                            },
                            "runAfter": {
                              "Compose_rsn_guest_account_id": [
                                "SUCCEEDED"
                              ]
                            }
                          },
                          "Apply_to_each_nationality": {
                            "type": "Foreach",
                            "foreach": "@body('Filter_array_nationality')",
                            "actions": {
                              "Update_nationality": {
                                "type": "OpenApiConnection",
                                "inputs": {
                                  "parameters": {
                                    "entityName": "cr92a_rsnguestaccounts",
                                    "recordId": "@outputs('Compose_rsn_guest_account_id')",
                                    "item/cr92a_nationality": "@item()?['answer']"
                                  },
                                  "host": {
                                    "apiId": "/providers/Microsoft.PowerApps/apis/shared_commondataserviceforapps",
                                    "operationId": "UpdateOnlyRecord",
                                    "connectionName": "shared_commondataserviceforapps"
                                  }
                                }
                              }
                            },
                            "runAfter": {
                              "Filter_array_nationality": [
                                "SUCCEEDED"
                              ]
                            }
                          },
                          "Filter_array_address": {
                            "type": "Query",
                            "inputs": {
                              "from": "@body('map_question_and_answer')",
                              "where": "@contains(toLower(string(item()?['question'])),'address')"
                            },
                            "runAfter": {
                              "Compose_rsn_guest_account_id": [
                                "SUCCEEDED"
                              ]
                            }
                          },
                          "Apply_to_each_address": {
                            "type": "Foreach",
                            "foreach": "@body('Filter_array_address')",
                            "actions": {
                              "Update_address": {
                                "type": "OpenApiConnection",
                                "inputs": {
                                  "parameters": {
                                    "entityName": "cr92a_rsnguestaccounts",
                                    "recordId": "@outputs('Compose_rsn_guest_account_id')",
                                    "item/cr92a_homeaddress": "@item()?['answer']"
                                  },
                                  "host": {
                                    "apiId": "/providers/Microsoft.PowerApps/apis/shared_commondataserviceforapps",
                                    "operationId": "UpdateOnlyRecord",
                                    "connectionName": "shared_commondataserviceforapps"
                                  }
                                }
                              }
                            },
                            "runAfter": {
                              "Filter_array_address": [
                                "SUCCEEDED"
                              ]
                            }
                          },
                          "Filter_array_mobile": {
                            "type": "Query",
                            "inputs": {
                              "from": "@body('map_question_and_answer')",
                              "where": "@contains(toLower(string(item()?['question'])),'mobile')"
                            },
                            "runAfter": {
                              "Compose_rsn_guest_account_id": [
                                "SUCCEEDED"
                              ]
                            }
                          },
                          "Apply_to_each_mobile": {
                            "type": "Foreach",
                            "foreach": "@body('Filter_array_mobile')",
                            "actions": {
                              "Update_mobile": {
                                "type": "OpenApiConnection",
                                "inputs": {
                                  "parameters": {
                                    "entityName": "cr92a_rsnguestaccounts",
                                    "recordId": "@outputs('Compose_rsn_guest_account_id')",
                                    "item/cr92a_mobilenumber": "@item()?['answer']"
                                  },
                                  "host": {
                                    "apiId": "/providers/Microsoft.PowerApps/apis/shared_commondataserviceforapps",
                                    "operationId": "UpdateOnlyRecord",
                                    "connectionName": "shared_commondataserviceforapps"
                                  }
                                }
                              }
                            },
                            "runAfter": {
                              "Filter_array_mobile": [
                                "SUCCEEDED"
                              ]
                            }
                          },
                          "Filter_array_occupation": {
                            "type": "Query",
                            "inputs": {
                              "from": "@body('map_question_and_answer')",
                              "where": "@equals(toLower(string(item()?['question'])),'occupation')"
                            },
                            "runAfter": {
                              "Compose_rsn_guest_account_id": [
                                "SUCCEEDED"
                              ]
                            }
                          },
                          "Apply_to_each_position": {
                            "type": "Foreach",
                            "foreach": "@body('Filter_array_occupation')",
                            "actions": {
                              "Update_position": {
                                "type": "OpenApiConnection",
                                "inputs": {
                                  "parameters": {
                                    "entityName": "cr92a_rsnguestaccounts",
                                    "recordId": "@outputs('Compose_rsn_guest_account_id')",
                                    "item/cr92a_position": "@item()?['answer']"
                                  },
                                  "host": {
                                    "apiId": "/providers/Microsoft.PowerApps/apis/shared_commondataserviceforapps",
                                    "operationId": "UpdateOnlyRecord",
                                    "connectionName": "shared_commondataserviceforapps"
                                  }
                                }
                              }
                            },
                            "runAfter": {
                              "Filter_array_occupation": [
                                "SUCCEEDED"
                              ]
                            }
                          },
                          "Filter_array_employer": {
                            "type": "Query",
                            "inputs": {
                              "from": "@body('map_question_and_answer')",
                              "where": "@contains(toLower(string(item()?['question'])),'employer')"
                            },
                            "runAfter": {
                              "Compose_rsn_guest_account_id": [
                                "SUCCEEDED"
                              ]
                            }
                          },
                          "Apply_to_each_company": {
                            "type": "Foreach",
                            "foreach": "@body('Filter_array_employer')",
                            "actions": {
                              "Update_company": {
                                "type": "OpenApiConnection",
                                "inputs": {
                                  "parameters": {
                                    "entityName": "cr92a_rsnguestaccounts",
                                    "recordId": "@outputs('Compose_rsn_guest_account_id')",
                                    "item/cr92a_company": "@item()?['answer']"
                                  },
                                  "host": {
                                    "apiId": "/providers/Microsoft.PowerApps/apis/shared_commondataserviceforapps",
                                    "operationId": "UpdateOnlyRecord",
                                    "connectionName": "shared_commondataserviceforapps"
                                  }
                                }
                              }
                            },
                            "runAfter": {
                              "Filter_array_employer": [
                                "SUCCEEDED"
                              ]
                            }
                          }
                        },
                        "runAfter": {
                          "List_rows_rsn_guest": [
                            "Succeeded"
                          ]
                        }
                      }
                    },
                    "runAfter": {
                      "Select": [
                        "SUCCEEDED"
                      ]
                    }
                  },
                  "List_rows_find_NRIC": {
                    "type": "OpenApiConnection",
                    "inputs": {
                      "parameters": {
                        "entityName": "cr92a_rsnguestaccounts",
                        "$select": "cr92a_nricpassport"
                      },
                      "host": {
                        "apiId": "/providers/Microsoft.PowerApps/apis/shared_commondataserviceforapps",
                        "operationId": "ListRecords",
                        "connectionName": "shared_commondataserviceforapps"
                      }
                    },
                    "runAfter": {
                      "Filter_array_nric": [
                        "Succeeded"
                      ]
                    }
                  },
                  "Select": {
                    "type": "Select",
                    "inputs": {
                      "from": "@outputs('List_rows_find_NRIC')?['body/value']",
                      "select": "@item()?['cr92a_nricpassport']"
                    },
                    "runAfter": {
                      "List_rows_find_NRIC": [
                        "SUCCEEDED"
                      ]
                    }
                  }
                }
              }
            }
          },
          "runAfter": {
            "Filter_array_service_status": [
              "Succeeded"
            ]
          }
        }
      },
      "outputs": {}
    },
    "templateName": null
  },
  "schemaVersion": "1.0.0.0"
}