{
  "properties": {
    "connectionReferences": {
      "shared_commondataserviceforapps": {
        "impersonation": {},
        "runtimeSource": "embedded",
        "connection": {
          "connectionReferenceLogicalName": "rdto_sharedcommondataserviceforapps_aabb5"
        },
        "api": {
          "name": "shared_commondataserviceforapps"
        }
      },
      "shared_teams": {
        "runtimeSource": "embedded",
        "connection": {
          "connectionReferenceLogicalName": "rdto_sharedteams_a4225"
        },
        "api": {
          "name": "shared_teams"
        }
      }
    },
    "definition": {
      "$schema": "https://schema.management.azure.com/providers/Microsoft.Logic/schemas/2016-06-01/workflowdefinition.json#",
      "contentVersion": "undefined",
      "parameters": {
        "$authentication": {
          "defaultValue": {},
          "type": "SecureObject"
        },
        "$connections": {
          "defaultValue": {},
          "type": "Object"
        }
      },
      "triggers": {
        "Recurrence": {
          "recurrence": {
            "interval": 1,
            "frequency": "Day",
            "schedule": {
              "hours": [
                "1"
              ]
            }
          },
          "type": "Recurrence"
        }
      },
      "actions": {
        "List_rows_base_pass_request": {
          "runAfter": {},
          "type": "OpenApiConnection",
          "inputs": {
            "parameters": {
              "entityName": "cr92a_basepassrequesthistories",
              "$filter": "cr92a_validuntil ne null"
            },
            "host": {
              "apiId": "/providers/Microsoft.PowerApps/apis/shared_commondataserviceforapps",
              "connectionName": "shared_commondataserviceforapps",
              "operationId": "ListRecords"
            },
            "authentication": "@parameters('$authentication')"
          }
        },
        "Current_time": {
          "runAfter": {
            "List_rows_base_pass_request": [
              "Succeeded"
            ]
          },
          "type": "Expression",
          "kind": "CurrentTime",
          "inputs": {}
        },
        "For_each_1": {
          "foreach": "@outputs('List_rows_base_pass_request')?['body/value']",
          "actions": {
            "30_days": {
              "actions": {
                "Apply_to_each": {
                  "foreach": "@outputs('List_rows_1')?['body/value']",
                  "actions": {
                    "Create_a_chat": {
                      "type": "OpenApiConnection",
                      "inputs": {
                        "parameters": {
                          "item/members": "@item()?['domainname']"
                        },
                        "host": {
                          "apiId": "/providers/Microsoft.PowerApps/apis/shared_teams",
                          "connectionName": "shared_teams",
                          "operationId": "CreateChat"
                        },
                        "authentication": "@parameters('$authentication')"
                      }
                    },
                    "Post_message_in_a_chat_or_channel": {
                      "runAfter": {
                        "Create_a_chat": [
                          "Succeeded"
                        ]
                      },
                      "type": "OpenApiConnection",
                      "inputs": {
                        "parameters": {
                          "poster": "User",
                          "location": "Group chat",
                          "body/recipient": "@outputs('Create_a_chat')?['body/id']",
                          "body/messageBody": "<p class=\"editor-paragraph\">@{outputs('Get_a_row_by_ID')?['body/cr92a_name']}'s pass expires in 30 days!</p>"
                        },
                        "host": {
                          "apiId": "/providers/Microsoft.PowerApps/apis/shared_teams",
                          "connectionName": "shared_teams",
                          "operationId": "PostMessageToConversation"
                        },
                        "authentication": "@parameters('$authentication')"
                      }
                    }
                  },
                  "runAfter": {
                    "List_rows_1": [
                      "Succeeded"
                    ]
                  },
                  "type": "Foreach"
                },
                "List_rows_1": {
                  "runAfter": {
                    "Get_a_row_by_ID": [
                      "Succeeded"
                    ]
                  },
                  "type": "OpenApiConnection",
                  "inputs": {
                    "parameters": {
                      "entityName": "systemusers",
                      "$filter": "contains(fullname, '@{item()?['cr92a_rsnpoc']}')"
                    },
                    "host": {
                      "apiId": "/providers/Microsoft.PowerApps/apis/shared_commondataserviceforapps",
                      "connectionName": "shared_commondataserviceforapps",
                      "operationId": "ListRecords"
                    },
                    "authentication": "@parameters('$authentication')"
                  }
                },
                "Get_a_row_by_ID": {
                  "type": "OpenApiConnection",
                  "inputs": {
                    "parameters": {
                      "entityName": "cr92a_rsnguestaccounts",
                      "recordId": "@item()?['_cr92a_namecivi_value']"
                    },
                    "host": {
                      "apiId": "/providers/Microsoft.PowerApps/apis/shared_commondataserviceforapps",
                      "connectionName": "shared_commondataserviceforapps",
                      "operationId": "GetItem"
                    },
                    "authentication": "@parameters('$authentication')"
                  }
                }
              },
              "runAfter": {
                "Compose": [
                  "Succeeded"
                ]
              },
              "else": {
                "actions": {}
              },
              "expression": {
                "and": [
                  {
                    "equals": [
                      "@outputs('Compose')",
                      30
                    ]
                  }
                ]
              },
              "type": "If"
            },
            "Compose": {
              "type": "Compose",
              "inputs": "@int(split(dateDifference(body('Current_time'), item()?['cr92a_validuntil']), '.')[0])"
            },
            "14_days": {
              "actions": {
                "Apply_to_each_1": {
                  "foreach": "@outputs('List_rows_2')?['body/value']",
                  "actions": {
                    "Create_a_chat_1": {
                      "type": "OpenApiConnection",
                      "inputs": {
                        "parameters": {
                          "item/members": "@item()?['domainname']"
                        },
                        "host": {
                          "apiId": "/providers/Microsoft.PowerApps/apis/shared_teams",
                          "connectionName": "shared_teams",
                          "operationId": "CreateChat"
                        },
                        "authentication": "@parameters('$authentication')"
                      }
                    },
                    "Post_message_in_a_chat_or_channel_1": {
                      "runAfter": {
                        "Create_a_chat_1": [
                          "Succeeded"
                        ]
                      },
                      "type": "OpenApiConnection",
                      "inputs": {
                        "parameters": {
                          "poster": "User",
                          "location": "Group chat",
                          "body/recipient": "@outputs('Create_a_chat_1')?['body/id']",
                          "body/messageBody": "<p class=\"editor-paragraph\">@{outputs('Get_a_row_by_ID_1')?['body/cr92a_name']}'s pass expires in 30 days!</p>"
                        },
                        "host": {
                          "apiId": "/providers/Microsoft.PowerApps/apis/shared_teams",
                          "connectionName": "shared_teams",
                          "operationId": "PostMessageToConversation"
                        },
                        "authentication": "@parameters('$authentication')"
                      }
                    }
                  },
                  "runAfter": {
                    "List_rows_2": [
                      "Succeeded"
                    ]
                  },
                  "type": "Foreach"
                },
                "List_rows_2": {
                  "runAfter": {
                    "Get_a_row_by_ID_1": [
                      "Succeeded"
                    ]
                  },
                  "type": "OpenApiConnection",
                  "inputs": {
                    "parameters": {
                      "entityName": "systemusers",
                      "$filter": "contains(fullname, '@{item()?['cr92a_rsnpoc']}')"
                    },
                    "host": {
                      "apiId": "/providers/Microsoft.PowerApps/apis/shared_commondataserviceforapps",
                      "connectionName": "shared_commondataserviceforapps",
                      "operationId": "ListRecords"
                    },
                    "authentication": "@parameters('$authentication')"
                  }
                },
                "Get_a_row_by_ID_1": {
                  "type": "OpenApiConnection",
                  "inputs": {
                    "parameters": {
                      "entityName": "cr92a_rsnguestaccounts",
                      "recordId": "@item()?['_cr92a_namecivi_value']"
                    },
                    "host": {
                      "apiId": "/providers/Microsoft.PowerApps/apis/shared_commondataserviceforapps",
                      "connectionName": "shared_commondataserviceforapps",
                      "operationId": "GetItem"
                    },
                    "authentication": "@parameters('$authentication')"
                  }
                }
              },
              "runAfter": {
                "Compose": [
                  "Succeeded"
                ]
              },
              "else": {
                "actions": {}
              },
              "expression": {
                "and": [
                  {
                    "equals": [
                      "@outputs('Compose')",
                      14
                    ]
                  }
                ]
              },
              "type": "If"
            },
            "7_days": {
              "actions": {
                "Apply_to_each_2": {
                  "foreach": "@outputs('List_rows_3')?['body/value']",
                  "actions": {
                    "Create_a_chat_2": {
                      "type": "OpenApiConnection",
                      "inputs": {
                        "parameters": {
                          "item/members": "@item()?['domainname']"
                        },
                        "host": {
                          "apiId": "/providers/Microsoft.PowerApps/apis/shared_teams",
                          "connectionName": "shared_teams",
                          "operationId": "CreateChat"
                        },
                        "authentication": "@parameters('$authentication')"
                      }
                    },
                    "Post_message_in_a_chat_or_channel_2": {
                      "runAfter": {
                        "Create_a_chat_2": [
                          "Succeeded"
                        ]
                      },
                      "type": "OpenApiConnection",
                      "inputs": {
                        "parameters": {
                          "poster": "User",
                          "location": "Group chat",
                          "body/recipient": "@outputs('Create_a_chat_2')?['body/id']",
                          "body/messageBody": "<p class=\"editor-paragraph\">@{outputs('Get_a_row_by_ID_2')?['body/cr92a_name']}'s pass expires in 30 days!</p>"
                        },
                        "host": {
                          "apiId": "/providers/Microsoft.PowerApps/apis/shared_teams",
                          "connectionName": "shared_teams",
                          "operationId": "PostMessageToConversation"
                        },
                        "authentication": "@parameters('$authentication')"
                      }
                    }
                  },
                  "runAfter": {
                    "List_rows_3": [
                      "Succeeded"
                    ]
                  },
                  "type": "Foreach"
                },
                "List_rows_3": {
                  "runAfter": {
                    "Get_a_row_by_ID_2": [
                      "Succeeded"
                    ]
                  },
                  "type": "OpenApiConnection",
                  "inputs": {
                    "parameters": {
                      "entityName": "systemusers",
                      "$filter": "contains(fullname, '@{item()?['cr92a_rsnpoc']}')"
                    },
                    "host": {
                      "apiId": "/providers/Microsoft.PowerApps/apis/shared_commondataserviceforapps",
                      "connectionName": "shared_commondataserviceforapps",
                      "operationId": "ListRecords"
                    },
                    "authentication": "@parameters('$authentication')"
                  }
                },
                "Get_a_row_by_ID_2": {
                  "type": "OpenApiConnection",
                  "inputs": {
                    "parameters": {
                      "entityName": "cr92a_rsnguestaccounts",
                      "recordId": "@item()?['_cr92a_namecivi_value']"
                    },
                    "host": {
                      "apiId": "/providers/Microsoft.PowerApps/apis/shared_commondataserviceforapps",
                      "connectionName": "shared_commondataserviceforapps",
                      "operationId": "GetItem"
                    },
                    "authentication": "@parameters('$authentication')"
                  }
                }
              },
              "runAfter": {
                "Compose": [
                  "Succeeded"
                ]
              },
              "else": {
                "actions": {}
              },
              "expression": {
                "and": [
                  {
                    "equals": [
                      "@outputs('Compose')",
                      7
                    ]
                  }
                ]
              },
              "type": "If"
            }
          },
          "runAfter": {
            "Current_time": [
              "Succeeded"
            ]
          },
          "type": "Foreach"
        }
      }
    },
    "templateName": null
  },
  "schemaVersion": "1.0.0.0"
}