{
  "properties": {
    "connectionReferences": {
      "shared_commondataserviceforapps": {
        "impersonation": {},
        "runtimeSource": "embedded",
        "connection": {
          "connectionReferenceLogicalName": "rdto_sharedcommondataserviceforapps_aabb5"
        },
        "api": {
          "name": "shared_commondataserviceforapps"
        }
      },
      "shared_teams": {
        "runtimeSource": "embedded",
        "connection": {
          "connectionReferenceLogicalName": "rdto_sharedteams_a4225"
        },
        "api": {
          "name": "shared_teams"
        }
      }
    },
    "definition": {
      "$schema": "https://schema.management.azure.com/providers/Microsoft.Logic/schemas/2016-06-01/workflowdefinition.json#",
      "contentVersion": "undefined",
      "parameters": {
        "$authentication": {
          "defaultValue": {},
          "type": "SecureObject"
        },
        "$connections": {
          "defaultValue": {},
          "type": "Object"
        }
      },
      "triggers": {
        "Recurrence": {
          "recurrence": {
            "frequency": "Week",
            "interval": "1",
            "startTime": "2025-04-11T01:00:00Z",
            "schedule": {
              "weekDays": [
                "Friday"
              ]
            }
          },
          "type": "Recurrence"
        }
      },
      "actions": {
        "List_rows": {
          "runAfter": {},
          "type": "OpenApiConnection",
          "inputs": {
            "parameters": {
              "entityName": "cr92a_basepassrequesthistories",
              "$filter": "cr92a_unitrequesting eq null"
            },
            "host": {
              "apiId": "/providers/Microsoft.PowerApps/apis/shared_commondataserviceforapps",
              "connectionName": "shared_commondataserviceforapps",
              "operationId": "ListRecords"
            },
            "authentication": "@parameters('$authentication')"
          }
        },
        "Select": {
          "runAfter": {
            "List_rows": [
              "Succeeded"
            ]
          },
          "type": "Select",
          "inputs": {
            "from": "@outputs('List_rows')?['body/value']",
            "select": {
              "RSNPOC": "@item()?['cr92a_rsnpoc']"
            }
          }
        },
        "Compose": {
          "runAfter": {
            "Select": [
              "Succeeded"
            ]
          },
          "type": "Compose",
          "inputs": "@union(body('Select'),body('Select'))"
        },
        "Apply_to_each": {
          "foreach": "@outputs('Compose')",
          "actions": {
            "List_rows_1": {
              "type": "OpenApiConnection",
              "inputs": {
                "parameters": {
                  "entityName": "systemusers",
                  "$filter": "startswith(fullname, '@{item()?['RSNPOC']}')"
                },
                "host": {
                  "apiId": "/providers/Microsoft.PowerApps/apis/shared_commondataserviceforapps",
                  "connectionName": "shared_commondataserviceforapps",
                  "operationId": "ListRecords"
                },
                "authentication": "@parameters('$authentication')"
              }
            },
            "For_each": {
              "foreach": "@outputs('List_rows_1')?['body/value']",
              "actions": {
                "Create_a_chat": {
                  "type": "OpenApiConnection",
                  "inputs": {
                    "parameters": {
                      "item/members": "@items('For_each')?['domainname']"
                    },
                    "host": {
                      "apiId": "/providers/Microsoft.PowerApps/apis/shared_teams",
                      "connectionName": "shared_teams",
                      "operationId": "CreateChat"
                    },
                    "authentication": "@parameters('$authentication')"
                  }
                },
                "Post_message_in_a_chat_or_channel": {
                  "runAfter": {
                    "Create_a_chat": [
                      "Succeeded"
                    ]
                  },
                  "type": "OpenApiConnection",
                  "inputs": {
                    "parameters": {
                      "poster": "Flow bot",
                      "location": "Group chat",
                      "body/recipient": "@outputs('Create_a_chat')?['body/id']",
                      "body/messageBody": "<p class=\"editor-paragraph\">Good day, you have outstanding base pass applications to submit! Do open the app via <a href=\"https://teams.microsoft.com/l/entity/a6b63365-31a4-4f43-92ec-710b71557af9/_djb2_msteams_prefix_3235186279?context=%7B%22channelId%22%3A%2219%3Ab6cbc821c91a4f8b9f5529b2edab258b%40thread.tacv2%22%7D&amp;tenantId=17558ced-9068-439c-bdf1-fe9f9e07f45e\" class=\"editor-link\">this link</a>!</p>"
                    },
                    "host": {
                      "apiId": "/providers/Microsoft.PowerApps/apis/shared_teams",
                      "connectionName": "shared_teams",
                      "operationId": "PostMessageToConversation"
                    },
                    "authentication": "@parameters('$authentication')"
                  }
                }
              },
              "runAfter": {
                "List_rows_1": [
                  "Succeeded"
                ]
              },
              "type": "Foreach"
            }
          },
          "runAfter": {
            "Compose": [
              "Succeeded"
            ]
          },
          "type": "Foreach"
        }
      }
    },
    "templateName": null
  },
  "schemaVersion": "1.0.0.0"
}