{
  "properties": {
    "connectionReferences": {
      "shared_commondataserviceforapps-1": {
        "impersonation": {},
        "runtimeSource": "embedded",
        "connection": {
          "connectionReferenceLogicalName": "rdto_sharedcommondataserviceforapps_aabb5"
        },
        "api": {
          "name": "shared_commondataserviceforapps"
        }
      }
    },
    "definition": {
      "$schema": "https://schema.management.azure.com/providers/Microsoft.Logic/schemas/2016-06-01/workflowdefinition.json#",
      "contentVersion": "undefined",
      "parameters": {
        "$authentication": {
          "defaultValue": {},
          "type": "SecureObject"
        },
        "$connections": {
          "defaultValue": {},
          "type": "Object"
        }
      },
      "triggers": {
        "When_a_row_is_added,_modified_or_deleted": {
          "type": "OpenApiConnectionWebhook",
          "inputs": {
            "parameters": {
              "subscriptionRequest/message": 3,
              "subscriptionRequest/entityname": "systemuser",
              "subscriptionRequest/scope": 4,
              "subscriptionRequest/filteringattributes": "cr92a_unitbranchship"
            },
            "host": {
              "apiId": "/providers/Microsoft.PowerApps/apis/shared_commondataserviceforapps",
              "connectionName": "shared_commondataserviceforapps-1",
              "operationId": "SubscribeWebhookTrigger"
            },
            "authentication": "@parameters('$authentication')"
          }
        }
      },
      "actions": {
        "List_rows_BU": {
          "runAfter": {},
          "type": "OpenApiConnection",
          "inputs": {
            "parameters": {
              "entityName": "businessunits"
            },
            "host": {
              "apiId": "/providers/Microsoft.PowerApps/apis/shared_commondataserviceforapps",
              "connectionName": "shared_commondataserviceforapps-1",
              "operationId": "ListRecords"
            },
            "authentication": "@parameters('$authentication')"
          }
        },
        "For_each": {
          "foreach": "@outputs('List_rows_BU')?['body/value']",
          "actions": {
            "Condition": {
              "actions": {
                "Get_a_row_by_ID": {
                  "type": "OpenApiConnection",
                  "inputs": {
                    "parameters": {
                      "entityName": "businessunits",
                      "recordId": "@item()?['businessunitid']"
                    },
                    "host": {
                      "apiId": "/providers/Microsoft.PowerApps/apis/shared_commondataserviceforapps",
                      "connectionName": "shared_commondataserviceforapps-1",
                      "operationId": "GetItem"
                    },
                    "authentication": "@parameters('$authentication')"
                  }
                },
                "Update_a_row": {
                  "runAfter": {
                    "Get_a_row_by_ID": [
                      "Succeeded"
                    ]
                  },
                  "type": "OpenApiConnection",
                  "inputs": {
                    "parameters": {
                      "entityName": "systemusers",
                      "recordId": "@triggerOutputs()?['body/systemuserid']",
                      "item/businessunitid@odata.bind": "@outputs('Get_a_row_by_ID')?['body/@odata.id']"
                    },
                    "host": {
                      "apiId": "/providers/Microsoft.PowerApps/apis/shared_commondataserviceforapps",
                      "connectionName": "shared_commondataserviceforapps-1",
                      "operationId": "UpdateRecord"
                    },
                    "authentication": "@parameters('$authentication')"
                  }
                }
              },
              "else": {
                "actions": {}
              },
              "expression": {
                "and": [
                  {
                    "equals": [
                      "@items('For_each')?['name']",
                      "@triggerOutputs()?['body/cr92a_unitbranchship']"
                    ]
                  }
                ]
              },
              "type": "If"
            }
          },
          "runAfter": {
            "List_rows_BU": [
              "Succeeded"
            ]
          },
          "type": "Foreach"
        }
      }
    },
    "templateName": null
  },
  "schemaVersion": "1.0.0.0"
}